x,pi,Li,ratio1,ratio2
2,1,0,inf,0.346574
2,1,0,inf,0.346574
3,2,1.11842,1.78823,0.732408
3,2,1.11842,1.78823,0.732408
3,2,1.11842,1.78823,0.732408
3,2,1.11842,1.78823,0.732408
3,2,1.11842,1.78823,0.732408
3,2,1.11842,1.78823,0.732408
3,2,1.11842,1.78823,0.732408
3,2,1.11842,1.78823,0.732408
3,2,1.11842,1.78823,0.732408
3,2,1.11842,1.78823,0.732408
3,2,1.11842,1.78823,0.732408
3,2,1.11842,1.78823,0.732408
3,2,1.11842,1.78823,0.732408
3,2,1.11842,1.78823,0.732408
3,2,1.11842,1.78823,0.732408
3,2,1.11842,1.78823,0.732408
3,2,1.11842,1.78823,0.732408
3,2,1.11842,1.78823,0.732408
3,2,1.11842,1.78823,0.732408
3,2,1.11842,1.78823,0.732408
3,2,1.11842,1.78823,0.732408
4,2,1.92242,1.04035,0.693147
4,2,1.92242,1.04035,0.693147
4,2,1.92242,1.04035,0.693147
4,2,1.92242,1.04035,0.693147
4,2,1.92242,1.04035,0.693147
4,2,1.92242,1.04035,0.693147
4,2,1.92242,1.04035,0.693147
4,2,1.92242,1.04035,0.693147
4,2,1.92242,1.04035,0.693147
4,2,1.92242,1.04035,0.693147
4,2,1.92242,1.04035,0.693147
4,2,1.92242,1.04035,0.693147
4,2,1.92242,1.04035,0.693147
4,2,1.92242,1.04035,0.693147
4,2,1.92242,1.04035,0.693147
4,2,1.92242,1.04035,0.693147
4,2,1.92242,1.04035,0.693147
5,3,2.58942,1.15856,0.965663
5,3,2.58942,1.15856,0.965663
5,3,2.58942,1.15856,0.965663
5,3,2.58942,1.15856,0.965663
5,3,2.58942,1.15856,0.965663
5,3,2.58942,1.15856,0.965663
5,3,2.58942,1.15856,0.965663
5,3,2.58942,1.15856,0.965663
5,3,2.58942,1.15856,0.965663
5,3,2.58942,1.15856,0.965663
5,3,2.58942,1.15856,0.965663
5,3,2.58942,1.15856,0.965663
5,3,2.58942,1.15856,0.965663
6,3,3.17706,0.94427,0.89588
6,3,3.17706,0.94427,0.89588
6,3,3.17706,0.94427,0.89588
6,3,3.17706,0.94427,0.89588
6,3,3.17706,0.94427,0.89588
6,3,3.17706,0.94427,0.89588
6,3,3.17706,0.94427,0.89588
6,3,3.17706,0.94427,0.89588
6,3,3.17706,0.94427,0.89588
6,3,3.17706,0.94427,0.89588
6,3,3.17706,0.94427,0.89588
6,3,3.17706,0.94427,0.89588
7,4,3.71189,1.07762,1.11195
7,4,3.71189,1.07762,1.11195
7,4,3.71189,1.07762,1.11195
7,4,3.71189,1.07762,1.11195
7,4,3.71189,1.07762,1.11195
7,4,3.71189,1.07762,1.11195
7,4,3.71189,1.07762,1.11195
7,4,3.71189,1.07762,1.11195
7,4,3.71189,1.07762,1.11195
7,4,3.71189,1.07762,1.11195
8,4,4.20855,0.950445,1.03972
8,4,4.20855,0.950445,1.03972
8,4,4.20855,0.950445,1.03972
8,4,4.20855,0.950445,1.03972
8,4,4.20855,0.950445,1.03972
8,4,4.20855,0.950445,1.03972
8,4,4.20855,0.950445,1.03972
8,4,4.20855,0.950445,1.03972
9,4,4.67607,0.855418,0.976544
9,4,4.67607,0.855418,0.976544
9,4,4.67607,0.855418,0.976544
9,4,4.67607,0.855418,0.976544
9,4,4.67607,0.855418,0.976544
9,4,4.67607,0.855418,0.976544
9,4,4.67607,0.855418,0.976544
9,4,4.67607,0.855418,0.976544
10,4,5.12044,0.781184,0.921034
10,4,5.12044,0.781184,0.921034
10,4,5.12044,0.781184,0.921034
10,4,5.12044,0.781184,0.921034
10,4,5.12044,0.781184,0.921034
10,4,5.12044,0.781184,0.921034
10,4,5.12044,0.781184,0.921034
11,5,5.54585,0.901576,1.08995
11,5,5.54585,0.901576,1.08995
11,5,5.54585,0.901576,1.08995
11,5,5.54585,0.901576,1.08995
11,5,5.54585,0.901576,1.08995
11,5,5.54585,0.901576,1.08995
11,5,5.54585,0.901576,1.08995
12,5,5.95538,0.839576,1.03538
12,5,5.95538,0.839576,1.03538
12,5,5.95538,0.839576,1.03538
12,5,5.95538,0.839576,1.03538
12,5,5.95538,0.839576,1.03538
12,5,5.95538,0.839576,1.03538
13,6,6.35138,0.944676,1.18382
13,6,6.35138,0.944676,1.18382
13,6,6.35138,0.944676,1.18382
13,6,6.35138,0.944676,1.18382
13,6,6.35138,0.944676,1.18382
14,6,6.73566,0.890781,1.13102
14,6,6.73566,0.890781,1.13102
14,6,6.73566,0.890781,1.13102
14,6,6.73566,0.890781,1.13102
14,6,6.73566,0.890781,1.13102
15,6,7.10966,0.843922,1.08322
15,6,7.10966,0.843922,1.08322
15,6,7.10966,0.843922,1.08322
15,6,7.10966,0.843922,1.08322
15,6,7.10966,0.843922,1.08322
16,6,7.47455,0.802724,1.03972
16,6,7.47455,0.802724,1.03972
16,6,7.47455,0.802724,1.03972
16,6,7.47455,0.802724,1.03972
16,6,7.47455,0.802724,1.03972
17,7,7.8313,0.893849,1.16662
17,7,7.8313,0.893849,1.16662
17,7,7.8313,0.893849,1.16662
17,7,7.8313,0.893849,1.16662
18,7,8.18071,0.855671,1.12403
18,7,8.18071,0.855671,1.12403
18,7,8.18071,0.855671,1.12403
18,7,8.18071,0.855671,1.12403
19,8,8.52346,0.938586,1.23976
19,8,8.52346,0.938586,1.23976
19,8,8.52346,0.938586,1.23976
19,8,8.52346,0.938586,1.23976
20,8,8.86014,0.902921,1.19829
20,8,8.86014,0.902921,1.19829
20,8,8.86014,0.902921,1.19829
21,8,9.19123,0.870395,1.15982
21,8,9.19123,0.870395,1.15982
21,8,9.19123,0.870395,1.15982
21,8,9.19123,0.870395,1.15982
22,8,9.51719,0.840584,1.12402
22,8,9.51719,0.840584,1.12402
22,8,9.51719,0.840584,1.12402
23,9,9.83838,0.914784,1.22693
23,9,9.83838,0.914784,1.22693
23,9,9.83838,0.914784,1.22693
24,9,10.1552,0.88625,1.19177
24,9,10.1552,0.88625,1.19177
24,9,10.1552,0.88625,1.19177
25,9,10.4678,0.85978,1.1588
25,9,10.4678,0.85978,1.1588
25,9,10.4678,0.85978,1.1588
26,9,10.7766,0.835145,1.1278
26,9,10.7766,0.835145,1.1278
26,9,10.7766,0.835145,1.1278
27,9,11.0817,0.812148,1.09861
27,9,11.0817,0.812148,1.09861
27,9,11.0817,0.812148,1.09861
28,9,11.3835,0.79062,1.07107
28,9,11.3835,0.79062,1.07107
29,10,11.682,0.856019,1.16114
29,10,11.682,0.856019,1.16114
29,10,11.682,0.856019,1.16114
30,10,11.9775,0.834901,1.13373
30,10,11.9775,0.834901,1.13373
31,11,12.2701,0.896491,1.21851
31,11,12.2701,0.896491,1.21851
31,11,12.2701,0.896491,1.21851
32,11,12.5599,0.875801,1.19135
32,11,12.5599,0.875801,1.19135
33,11,12.8472,0.856219,1.1655
33,11,12.8472,0.856219,1.1655
34,11,13.132,0.837651,1.14088
34,11,13.132,0.837651,1.14088
35,11,13.4144,0.820015,1.1174
35,11,13.4144,0.820015,1.1174
36,11,13.6945,0.80324,1.09496
36,11,13.6945,0.80324,1.09496
37,12,13.9725,0.858828,1.17111
37,12,13.9725,0.858828,1.17111
38,12,14.2484,0.842198,1.14871
38,12,14.2484,0.842198,1.14871
39,12,14.5224,0.826312,1.12725
39,12,14.5224,0.826312,1.12725
40,12,14.7944,0.811119,1.10666
40,12,14.7944,0.811119,1.10666
41,13,15.0646,0.862953,1.17747
41,13,15.0646,0.862953,1.17747
42,13,15.333,0.847846,1.1569
42,13,15.333,0.847846,1.1569
43,14,15.5997,0.897455,1.22458
44,14,15.8647,0.882461,1.20406
44,14,15.8647,0.882461,1.20406
45,14,16.1282,0.868045,1.18429
45,14,16.1282,0.868045,1.18429
46,14,16.3901,0.854172,1.16524
47,15,16.6506,0.900868,1.22877
47,15,16.6506,0.900868,1.22877
48,15,16.9096,0.887069,1.20975
49,15,17.1673,0.873757,1.19137
49,15,17.1673,0.873757,1.19137
50,15,17.4235,0.860905,1.17361
51,15,17.6785,0.848488,1.15642
51,15,17.6785,0.848488,1.15642
52,15,17.9322,0.836483,1.13978
53,16,18.1847,0.879861,1.19858
53,16,18.1847,0.879861,1.19858
54,16,18.436,0.867869,1.18192
55,16,18.6861,0.856252,1.16577
56,16,18.9351,0.844993,1.1501
56,16,18.9351,0.844993,1.1501
57,16,19.1829,0.834074,1.13489
58,16,19.4297,0.82348,1.12012
59,17,19.6755,0.864018,1.17488
60,17,19.9202,0.853403,1.16006
60,17,19.9202,0.853403,1.16006
61,18,20.164,0.89268,1.21304
62,18,20.4068,0.88206,1.1982
63,18,20.6486,0.87173,1.18375
64,18,20.8895,0.861677,1.16969
65,18,21.1295,0.851889,1.15598
66,18,21.3686,0.842357,1.14263
66,18,21.3686,0.842357,1.14263
67,19,21.6069,0.87935,1.19238
68,19,21.8443,0.869793,1.17898
69,19,22.0809,0.860473,1.16591
70,19,22.3166,0.851382,1.15316
71,20,22.5516,0.886854,1.20075
72,20,22.7858,0.877738,1.18796
73,21,23.0193,0.912278,1.23424
74,21,23.252,0.903148,1.22142
75,21,23.484,0.894227,1.2089
76,21,23.7152,0.885507,1.19665
77,21,23.9458,0.876981,1.18467
78,21,24.1757,0.868642,1.17296
79,22,24.4049,0.90146,1.21681
80,22,24.6334,0.893097,1.20506
81,22,24.8613,0.88491,1.19355
83,23,25.3151,0.908548,1.2245
84,23,25.5411,0.900508,1.2132
85,23,25.7665,0.892631,1.20213
86,23,25.9913,0.884911,1.19128
87,23,26.2155,0.877343,1.18064
88,23,26.4392,0.869922,1.17021
89,24,26.6622,0.90015,1.21042
91,24,27.1067,0.88539,1.18968
92,24,27.3281,0.878217,1.1796
93,24,27.549,0.871175,1.1697
94,24,27.7694,0.864262,1.15999
96,24,28.2085,0.850806,1.14109
97,25,28.4274,0.879434,1.17905
98,25,28.6457,0.87273,1.16963
100,25,29.081,0.859668,1.15129
101,26,29.2979,0.887436,1.18805
102,26,29.5143,0.880928,1.17891
104,27,29.9459,0.901627,1.20576
105,27,30.161,0.895197,1.19673
107,28,30.5898,0.915337,1.2228
108,28,30.8036,0.908984,1.21389
110,29,31.2299,0.928596,1.23922
111,29,31.4425,0.922319,1.23042
113,30,31.8663,0.941432,1.25506
114,30,32.0777,0.93523,1.24637
116,30,32.4992,0.9231,1.22938
117,30,32.7094,0.917169,1.22107
119,30,33.1286,0.905562,1.20482
120,30,33.3376,0.899884,1.19687
122,30,33.7547,0.888766,1.18132
124,30,34.1703,0.877956,1.1662
125,30,34.3776,0.872662,1.1588
127,31,34.7911,0.891032,1.18244
129,31,35.2033,0.880599,1.16786
131,32,35.6142,0.898518,1.19089
132,32,35.8192,0.893376,1.18371
134,32,36.2281,0.883291,1.16963
136,32,36.6359,0.873461,1.15592
138,33,37.0424,0.890872,1.17826
140,34,37.4477,0.907933,1.20011
142,34,37.8518,0.898239,1.18661
144,34,38.2548,0.888777,1.17343
146,34,38.6567,0.879537,1.16057
148,34,39.0575,0.870512,1.14801
150,35,39.4571,0.887038,1.16915
152,36,39.8558,0.903257,1.18987
154,36,40.2533,0.894336,1.17747
156,36,40.6499,0.885611,1.16535
158,37,41.0455,0.90144,1.18554
160,37,41.44,0.892857,1.17363
162,37,41.8336,0.884456,1.16198
164,38,42.2262,0.899914,1.18168
167,39,42.8135,0.910929,1.19522
169,39,43.2038,0.902699,1.18382
171,39,43.5932,0.894635,1.17266
173,40,43.9817,0.909468,1.19151
176,40,44.5629,0.897607,1.17511
178,40,44.9493,0.889891,1.16445
181,42,45.5273,0.922523,1.20628
183,42,45.9116,0.914801,1.19562
186,42,46.4866,0.903486,1.18001
188,42,46.8689,0.896116,1.16984
191,43,47.441,0.906389,1.18245
193,44,47.8214,0.92009,1.19978
196,44,48.3906,0.909267,1.18488
199,46,48.9582,0.939577,1.22358
201,46,49.3357,0.932389,1.21369
204,46,49.9006,0.921833,1.19918
207,46,50.4639,0.911543,1.18505
210,46,51.0257,0.901507,1.17127
212,47,51.3994,0.914408,1.18755
215,47,51.9587,0.904564,1.17405
218,47,52.5166,0.894955,1.16088
221,47,53.073,0.885572,1.14803
224,48,53.6281,0.895053,1.15964
227,49,54.1818,0.904363,1.17102
230,50,54.7341,0.913507,1.18219
233,51,55.2851,0.922491,1.19315
237,51,56.0178,0.910426,1.17667
240,52,56.5658,0.919284,1.18747
243,53,57.1125,0.927992,1.19808
246,53,57.6581,0.919212,1.18611
250,53,58.3836,0.90779,1.17055
253,54,58.9263,0.916399,1.18104
257,55,59.6482,0.922073,1.18755
260,55,60.1882,0.9138,1.1763
264,56,60.9066,0.919441,1.18278
267,56,61.4441,0.911398,1.17186
271,58,62.159,0.93309,1.19898
274,58,62.694,0.925128,1.18818
278,59,63.4057,0.930516,1.19435
282,60,64.1156,0.93581,1.20041
286,61,64.8237,0.941014,1.20635
290,61,65.53,0.930871,1.19263
294,62,66.2347,0.936066,1.19858
298,62,66.9376,0.926236,1.1853
302,62,67.6389,0.916632,1.17234
306,62,68.3386,0.907248,1.15968
310,63,69.0366,0.912559,1.16582
314,65,69.7331,0.932125,1.19016
318,66,70.4281,0.937126,1.1959
323,66,71.2947,0.925736,1.18057
327,66,71.9862,0.916842,1.16862
331,67,72.6764,0.921895,1.17445
336,67,73.537,0.911106,1.15996
340,68,74.2239,0.916147,1.16579
345,68,75.0806,0.905693,1.15177
350,70,75.9352,0.921838,1.17159
354,71,76.6174,0.926682,1.17718
359,72,77.4683,0.929413,1.17994
364,72,78.3171,0.919339,1.16647
369,73,79.164,0.922136,1.16934
374,74,80.009,0.924896,1.17218
379,75,80.852,0.927621,1.17497
384,76,81.6932,0.93031,1.17773
390,77,82.7002,0.931074,1.17793
395,77,83.5373,0.921744,1.1655
400,78,84.3727,0.924469,1.16834
406,79,85.3729,0.925352,1.16872
411,80,86.2045,0.928026,1.1715
417,80,87.2002,0.917429,1.15743
422,82,88.0282,0.93152,1.17462
428,82,89.0196,0.921146,1.16086
434,84,90.0087,0.933244,1.17543
440,85,90.9955,0.934112,1.17585
446,86,91.9802,0.934984,1.17629
452,87,92.9626,0.93586,1.17675
458,88,93.943,0.936738,1.17722
464,90,94.9212,0.948155,1.19093
470,91,95.8974,0.948931,1.19127
477,91,97.0338,0.937818,1.17661
483,92,98.0056,0.938722,1.17715
490,93,99.137,0.938096,1.17567
496,94,100.105,0.939017,1.17625
503,96,101.231,0.948324,1.18723
510,97,102.355,0.94768,1.18576
517,97,103.477,0.937408,1.17226
524,99,104.596,0.946499,1.18299
531,99,105.713,0.9365,1.16987
538,99,106.827,0.926731,1.15706
546,100,108.098,0.925087,1.15433
553,101,109.207,0.924845,1.15344
560,102,110.315,0.924627,1.15259
568,103,111.578,0.923124,1.15007
576,105,112.838,0.930541,1.15867
584,106,114.095,0.929051,1.15618
591,107,115.193,0.928878,1.15542
599,109,116.445,0.936064,1.16375
608,111,117.851,0.94187,1.17028
616,112,119.097,0.940407,1.16786
624,114,120.342,0.947303,1.17584
633,115,121.738,0.944648,1.17189
641,116,122.977,0.943263,1.1696
650,118,124.368,0.948794,1.17582
659,120,125.757,0.954225,1.18192
668,121,127.142,0.951694,1.17817
677,123,128.524,0.95702,1.18416
686,124,129.903,0.954555,1.18051
695,125,131.28,0.952163,1.17696
705,126,132.807,0.948748,1.1721
714,127,134.178,0.946507,1.16877
724,128,135.698,0.943272,1.16416
734,130,137.215,0.947419,1.16867
744,132,138.729,0.951497,1.1731
754,133,140.24,0.948376,1.16867
764,135,141.748,0.952398,1.17305
774,137,143.252,0.956354,1.17735
785,137,144.904,0.945451,1.16331
795,138,146.403,0.942602,1.15926
806,139,148.049,0.938881,1.15409
817,141,149.691,0.941942,1.15728
828,144,151.329,0.951566,1.16852
839,146,152.965,0.954467,1.17152
851,146,154.746,0.943484,1.15743
862,149,156.375,0.952841,1.16836
874,150,158.148,0.948478,1.16243
886,153,159.918,0.95674,1.17197
898,154,161.684,0.952473,1.16618
910,155,163.447,0.948318,1.16053
922,157,165.207,0.950324,1.16244
935,158,167.109,0.945489,1.15594
947,161,168.862,0.953442,1.16513
960,162,170.757,0.948717,1.15879
973,164,172.648,0.949909,1.15969
987,166,174.681,0.950305,1.15959
1000,168,176.564,0.951494,1.1605
1013,170,178.445,0.952676,1.16142
1027,172,180.466,0.95309,1.16136
1041,175,182.483,0.958996,1.168
1055,177,184.496,0.959373,1.16791
1069,180,186.505,0.965123,1.17437
1084,180,188.653,0.954131,1.16044
1099,184,190.798,0.964372,1.17234
1114,186,192.938,0.964041,1.17138
1129,189,195.074,0.968864,1.1767
1144,189,197.206,0.95839,1.16345
1159,191,199.334,0.958192,1.1627
1175,193,201.599,0.957344,1.16112
1191,195,203.861,0.956536,1.15961
1207,197,206.118,0.955765,1.15815
1224,200,208.511,0.959182,1.16175
1240,203,210.759,0.963184,1.16608
1257,204,213.144,0.957101,1.15819
1274,205,215.524,0.951172,1.1505
1291,210,217.899,0.963749,1.16519
1309,214,220.409,0.97092,1.17332
1327,217,222.915,0.973465,1.17587
1344,217,225.277,0.963258,1.16305
1363,218,227.912,0.956509,1.15437
1381,221,230.404,0.959185,1.1571
1400,222,233.029,0.952671,1.14873
1419,223,235.649,0.946321,1.14057
1438,227,238.265,0.952721,1.14779
1458,231,241.013,0.958455,1.15418
1477,233,243.619,0.956412,1.15124
1497,238,246.357,0.966078,1.16237
1518,240,249.226,0.96298,1.15813
1538,242,251.954,0.960492,1.15465
1559,246,254.813,0.965412,1.16007
1580,249,257.667,0.966363,1.16072
1602,252,260.651,0.966808,1.16074
1623,257,263.495,0.975351,1.17052
1645,259,266.468,0.971973,1.16597
1668,262,269.571,0.971914,1.16539
1690,263,272.534,0.965018,1.15665
1713,267,275.625,0.968706,1.16059
1736,270,278.712,0.968743,1.16015
1760,274,281.926,0.971886,1.16342
1784,276,285.135,0.967963,1.15824
1808,279,288.338,0.967616,1.15735
1832,282,291.535,0.967295,1.1565
1857,283,294.859,0.95978,1.14704
1882,289,298.178,0.96922,1.15786
1908,292,301.623,0.968096,1.15603
1934,295,305.062,0.967017,1.15427
1960,297,308.495,0.96274,1.14871
1986,299,311.921,0.958575,1.14329
2013,305,315.474,0.9668,1.15263
2041,309,319.151,0.968194,1.15382
2068,311,322.691,0.963771,1.1481
2096,316,326.355,0.968271,1.15301
2125,319,330.144,0.966246,1.15013
2153,325,333.795,0.973651,1.1585
2183,327,337.701,0.968313,1.15168
2212,329,341.469,0.963484,1.1455
2242,333,345.361,0.964208,1.14591
2273,338,349.376,0.96744,1.1493
2303,342,353.254,0.968142,1.1497
2335,345,357.383,0.96535,1.14593
2366,350,361.377,0.968517,1.14925
2398,356,365.492,0.974028,1.15535
2431,360,369.729,0.973686,1.1545
2464,364,373.958,0.97337,1.15368
2497,367,378.18,0.970437,1.14977
2531,370,382.523,0.967263,1.14558
2565,375,386.858,0.969348,1.14762
2600,378,391.313,0.965979,1.1432
2635,382,395.76,0.965231,1.14189
2671,387,400.327,0.966711,1.14321
2707,394,404.885,0.973115,1.15036
2744,400,409.563,0.976651,1.15411
2781,404,414.232,0.975299,1.15209
2819,410,419.02,0.978474,1.15541
2857,415,423.799,0.979238,1.15589
2895,418,428.57,0.975336,1.15087
2935,423,433.584,0.975589,1.15074
2974,429,438.465,0.978414,1.15366
3015,432,443.587,0.973879,1.1479
3056,437,448.7,0.973924,1.14753
3097,442,453.805,0.973986,1.1472
3139,446,459.026,0.971623,1.14401
3181,450,464.238,0.969331,1.14091
3225,456,469.689,0.970855,1.14229
3268,461,475.007,0.970511,1.14149
3312,465,480.44,0.967862,1.13797
3357,472,485.988,0.971218,1.14152
3403,478,491.649,0.972239,1.14231
3449,482,497.3,0.969233,1.13839
3496,488,503.065,0.970053,1.13895
3543,496,508.821,0.974803,1.14414
3591,502,514.689,0.975346,1.14438
3640,509,520.67,0.977587,1.14661
3689,514,526.641,0.975997,1.14436
3739,522,532.724,0.97987,1.14851
3790,526,538.918,0.97603,1.14362
3841,532,545.102,0.975964,1.14315
3893,539,551.398,0.977516,1.14459
3946,547,557.803,0.980632,1.14785
3999,550,564.199,0.974834,1.14068
4053,559,570.704,0.979491,1.14575
4108,565,577.32,0.97866,1.1444
4164,573,584.045,0.98109,1.14686
4220,578,590.758,0.978403,1.14334
4278,587,597.701,0.982097,1.14728
4335,591,604.513,0.977647,1.14171
4394,598,611.552,0.97784,1.14156
4454,605,618.699,0.977858,1.14121
4514,612,625.835,0.977893,1.14088
4575,619,633.078,0.977762,1.14036
4637,625,640.429,0.975909,1.13783
4700,634,647.886,0.978568,1.14057
4764,641,655.449,0.977956,1.13949
4828,649,663,0.978884,1.14021
4894,654,670.775,0.974992,1.13531
4960,663,678.537,0.977102,1.13741
5027,674,686.405,0.981928,1.14267
5095,680,694.377,0.979295,1.13925
5164,687,702.454,0.978,1.13739
5234,696,710.635,0.979405,1.13867
5305,703,718.92,0.977855,1.13652
5377,708,727.309,0.973451,1.13105
5450,721,735.801,0.979885,1.13817
5524,730,744.395,0.980662,1.13872
5598,738,752.976,0.98011,1.13774
5674,747,761.776,0.980603,1.13796
5751,757,770.677,0.982253,1.13953
5829,765,779.68,0.981172,1.13793
5908,777,788.784,0.98506,1.1421
5988,783,797.989,0.981216,1.1373
6069,791,807.295,0.979815,1.13534
6151,802,816.701,0.981999,1.13753
6235,811,826.322,0.981458,1.13656
6319,822,835.928,0.983338,1.13841
6405,834,845.747,0.98611,1.14128
6492,842,855.666,0.984029,1.13853
6580,851,865.683,0.983039,1.13705
6669,859,875.798,0.98082,1.13416
6759,869,886.012,0.9808,1.13381
6851,881,896.436,0.982781,1.13576
6943,890,906.845,0.981425,1.13387
7037,904,917.463,0.985325,1.13805
7133,914,928.292,0.984604,1.13689
7229,924,939.103,0.983917,1.13578
7327,933,950.124,0.981977,1.13322
7427,941,961.352,0.97883,1.12926
7527,953,972.563,0.979885,1.13016
7629,968,983.982,0.983758,1.13431
7733,981,995.606,0.985329,1.1358
7837,990,1007.21,0.98291,1.1327
7943,1003,1019.03,0.984273,1.13395
8051,1011,1031.04,0.98056,1.12936
8160,1023,1043.15,0.980679,1.12919
8271,1037,1055.47,0.982501,1.13097
8383,1049,1067.88,0.982324,1.13046
8496,1059,1080.38,0.980215,1.12772
8611,1072,1093.08,0.980718,1.128
8728,1087,1105.98,0.982839,1.13013
8846,1102,1118.97,0.984831,1.13211
8966,1114,1132.17,0.983952,1.1308
9088,1127,1145.56,0.983795,1.13031
9211,1142,1159.05,0.985291,1.13173
9335,1154,1172.62,0.984119,1.13008
9462,1171,1186.51,0.986932,1.13301
9590,1184,1200.48,0.986275,1.13196
9720,1198,1214.64,0.986297,1.13168
9852,1215,1229.01,0.9886,1.13403
9985,1229,1243.46,0.988369,1.13347
10120,1242,1258.11,0.987193,1.13182
10257,1257,1272.96,0.987465,1.13184
10396,1273,1288,0.988357,1.13257
10537,1288,1303.23,0.988314,1.13223
10680,1302,1318.66,0.987368,1.13085
10825,1315,1334.28,0.985553,1.12848
10971,1331,1349.98,0.985939,1.12864
11120,1348,1365.99,0.986832,1.12937
11271,1362,1382.18,0.985398,1.12745
11423,1378,1398.46,0.985368,1.12713
11578,1392,1415.04,0.983718,1.12496
11735,1408,1431.81,0.983373,1.12428
11894,1424,1448.76,0.982907,1.12347
12055,1444,1465.91,0.985055,1.12564
12218,1460,1483.24,0.984331,1.12454
12384,1478,1500.87,0.984763,1.12475
12551,1499,1518.58,0.987109,1.12715
12721,1519,1536.58,0.988561,1.12853
12894,1534,1554.87,0.986579,1.12599
13068,1556,1573.24,0.989042,1.12853
13245,1574,1591.9,0.988755,1.12793
13425,1592,1610.85,0.988297,1.12713
13607,1608,1629.99,0.986511,1.12482
13791,1631,1649.3,0.988902,1.12728
13978,1650,1668.91,0.98867,1.12675
14167,1667,1688.7,0.987153,1.12475
14359,1683,1708.77,0.98492,1.12194
14554,1705,1729.13,0.986048,1.12295
14751,1727,1749.66,0.987048,1.12383
14951,1751,1770.48,0.988996,1.12578
15153,1770,1791.48,0.988009,1.12439
15358,1793,1812.76,0.989097,1.12537
15566,1815,1834.33,0.989464,1.12552
15777,1840,1856.17,0.991288,1.12734
15991,1862,1878.29,0.991325,1.12712
16208,1883,1900.7,0.99069,1.12614
16427,1904,1923.27,0.989979,1.12507
16650,1925,1946.23,0.989091,1.1238
16875,1945,1969.36,0.987629,1.12189
17104,1971,1992.87,0.989024,1.12322
17336,1993,2016.66,0.988268,1.1221
17570,2019,2040.62,0.989407,1.12314
17808,2043,2064.95,0.98937,1.12285
18050,2069,2089.66,0.990114,1.12344
18294,2096,2114.54,0.991233,1.12446
18542,2124,2139.79,0.992621,1.12578
18793,2144,2165.31,0.990158,1.12274
19048,2163,2191.21,0.987128,1.11905
19306,2188,2217.37,0.986755,1.11839
19567,2219,2243.8,0.988948,1.12063
19832,2243,2270.6,0.987846,1.11913
20101,2272,2297.76,0.988787,1.11995
20373,2302,2325.2,0.990024,1.12111
20649,2327,2353,0.988952,1.11965
20929,2354,2381.16,0.988595,1.11901
21212,2385,2409.58,0.989797,1.12013
21500,2412,2438.47,0.989143,1.11915
21791,2444,2467.62,0.990426,1.12036
22086,2475,2497.14,0.991135,1.12092
22385,2505,2527.01,0.991291,1.12086
22689,2533,2557.34,0.990483,1.11971
22996,2564,2587.93,0.990754,1.11978
23307,2598,2618.87,0.99203,1.12099
23623,2628,2650.27,0.991595,1.12026
23943,2663,2682.03,0.992904,1.1215
24267,2699,2714.14,0.994421,1.12298
24596,2726,2746.7,0.992462,1.12054
24929,2755,2779.62,0.991143,1.11882
25267,2788,2812.98,0.991119,1.11856
25609,2821,2846.7,0.990973,1.11817
25956,2856,2880.86,0.991371,1.11839
26308,2890,2915.47,0.991264,1.11804
26664,2922,2950.42,0.990366,1.1168
27025,2963,2985.82,0.992356,1.11882
27391,2993,3021.67,0.990513,1.11651
27763,3029,3058.05,0.990501,1.11627
28139,3069,3094.77,0.991672,1.11737
28520,3102,3131.94,0.990441,1.11576
28906,3146,3169.54,0.992572,1.11794
29298,3183,3207.68,0.992306,1.11742
29695,3221,3246.25,0.992221,1.1171
30097,3254,3285.26,0.990484,1.11492
30504,3293,3324.7,0.990464,1.11468
30918,3333,3364.77,0.990557,1.11457
31336,3378,3405.17,0.99202,1.116
31761,3415,3446.2,0.990946,1.11457
32191,3454,3487.66,0.99035,1.11368
32627,3502,3529.63,0.992171,1.11552
33069,3544,3572.14,0.992123,1.11525
33517,3587,3615.16,0.992211,1.11513
33971,3637,3658.7,0.994068,1.117
34431,3678,3702.76,0.993312,1.11594
34898,3725,3747.44,0.994013,1.11652
35370,3767,3792.53,0.993268,1.11547
35850,3808,3838.33,0.992098,1.11394
36335,3855,3884.55,0.992393,1.11407
36827,3905,3931.37,0.993291,1.11486
37326,3952,3978.8,0.993263,1.11462
37832,4001,4026.84,0.993584,1.11478
38344,4048,4075.38,0.993282,1.11423
38864,4094,4124.62,0.992577,1.11323
39390,4147,4174.36,0.993446,1.114
39924,4196,4224.79,0.993185,1.1135
40465,4241,4275.82,0.991856,1.11181
41013,4292,4327.45,0.991808,1.11155
41568,4346,4379.67,0.992313,1.11192
42131,4404,4432.57,0.993554,1.1131
42702,4464,4486.16,0.99506,1.11459
43280,4516,4540.34,0.99464,1.11392
43867,4566,4595.29,0.993626,1.11258
44461,4621,4650.83,0.993587,1.11234
45063,4679,4707.04,0.994043,1.11265
45674,4733,4764.02,0.993488,1.11183
46292,4787,4821.59,0.992827,1.11089
46919,4847,4879.91,0.993255,1.11117
47555,4902,4939.01,0.992507,1.11014
48199,4963,4998.77,0.992845,1.11032
48852,5023,5059.29,0.992828,1.11011
49514,5086,5120.56,0.99325,1.11039
50184,5153,5182.5,0.994307,1.11138
50864,5209,5245.29,0.993081,1.10981
51553,5276,5308.83,0.993816,1.11044
52252,5341,5373.21,0.994005,1.11046
52959,5403,5438.25,0.993518,1.10972
53677,5470,5504.22,0.993783,1.10983
54404,5534,5570.93,0.993371,1.10918
55141,5603,5638.48,0.993708,1.10937
55888,5671,5706.86,0.993717,1.10919
56645,5743,5776.07,0.994275,1.10962
57412,5821,5846.1,0.995706,1.11103
58190,5892,5917.06,0.995765,1.11091
58978,5960,5988.84,0.995185,1.11008
59777,6042,6061.53,0.996778,1.11167
60587,6104,6135.13,0.994926,1.10942
61407,6177,6209.55,0.994758,1.10905
62239,6256,6284.97,0.995391,1.10957
63082,6326,6361.29,0.994453,1.10834
63937,6410,6438.6,0.995558,1.10939
64803,6477,6516.81,0.99389,1.10735
65681,6560,6596.01,0.99454,1.10789
66570,6637,6676.11,0.994142,1.10726
67472,6720,6757.28,0.994483,1.10746
68386,6800,6839.43,0.994235,1.10701
69312,6880,6922.55,0.993853,1.1064
70251,6964,7006.74,0.9939,1.10628
71203,7049,7092,0.993937,1.10614
72167,7143,7178.22,0.995093,1.10725
73145,7232,7265.6,0.995376,1.10739
74136,7312,7354.02,0.994286,1.106
75140,7403,7443.5,0.994559,1.10613
76158,7497,7534.12,0.995073,1.10652
77189,7582,7625.79,0.994258,1.10544
78235,7683,7718.68,0.995378,1.10651
79295,7770,7812.7,0.994535,1.1054
80369,7870,7907.85,0.995214,1.10598
81457,7969,8004.12,0.995612,1.10625
82561,8071,8101.69,0.996212,1.10675
83679,8166,8200.39,0.995807,1.10613
84813,8264,8300.37,0.995618,1.10575
85962,8360,8401.56,0.995053,1.10495
87126,8461,8503.95,0.994949,1.10466
88306,8563,8607.63,0.994816,1.10434
89502,8666,8712.58,0.994654,1.104
90715,8780,8818.9,0.995589,1.10487
91943,8881,8926.41,0.994913,1.10395
93189,9001,9035.37,0.996196,1.1052
94451,9110,9145.6,0.996108,1.10494
95731,9227,9257.26,0.996731,1.10546
97027,9340,9370.19,0.996778,1.10535
98342,9443,9484.65,0.995609,1.10389
99674,9562,9600.44,0.995996,1.10415
101024,9675,9717.67,0.995609,1.10356
102392,9804,9836.32,0.996715,1.10462
103779,9912,9956.47,0.995533,1.10315
105185,10035,10078.1,0.99572,1.10319
106610,10157,10201.3,0.995658,1.10296
108054,10280,10326,0.99555,1.10268
109518,10411,10452.2,0.996059,1.10308
111001,10536,10579.9,0.995849,1.10269
112505,10663,10709.3,0.995676,1.10234
114029,10791,10840.3,0.995456,1.10194
115573,10919,10972.8,0.995098,1.10138
117139,11057,11107,0.995495,1.10166
118726,11192,11242.9,0.99547,1.10148
120334,11329,11380.5,0.995477,1.10133
121964,11472,11519.7,0.995856,1.10159
123616,11616,11660.7,0.996166,1.10177
125291,11759,11803.5,0.996231,1.10169
126988,11900,11948,0.995985,1.10126
128708,12050,12094.2,0.996341,1.1015
130451,12200,12242.3,0.996544,1.10157
132218,12342,12392.2,0.995946,1.10075
134009,12496,12544,0.996171,1.10085
135825,12652,12697.8,0.996395,1.10094
137664,12815,12853.3,0.997022,1.10148
139529,12969,13010.8,0.996787,1.10107
141419,13132,13170.3,0.997095,1.10126
143335,13288,13331.7,0.99672,1.10069
145276,13443,13495.1,0.996138,1.0999
147244,13611,13660.6,0.99637,1.1
149239,13781,13828.1,0.996591,1.1001
151260,13956,13997.7,0.997022,1.10042
153309,14131,14169.4,0.997291,1.10057
155386,14305,14343.2,0.997334,1.10047
157491,14482,14519.2,0.997435,1.10043
159624,14650,14697.4,0.996776,1.09956
161786,14835,14877.7,0.997128,1.09979
163978,15010,15060.4,0.996654,1.09913
166199,15187,15245.3,0.996179,1.09845
168450,15369,15432.4,0.995891,1.09799
170732,15560,15621.9,0.996036,1.098
173045,15757,15813.8,0.996408,1.09827
175389,15939,16008,0.995688,1.09733
177765,16139,16204.7,0.995946,1.09747
180173,16353,16403.8,0.996904,1.09838
182613,16548,16605.3,0.996549,1.09785
185087,16753,16809.4,0.996645,1.09781
187594,16970,17016,0.997298,1.09838
190135,17178,17225.1,0.997263,1.0982
192711,17388,17436.9,0.997193,1.09798
195321,17602,17651.3,0.997207,1.09786
197967,17819,17868.4,0.997236,1.09775
200648,18034,18088.1,0.99701,1.09736
203366,18255,18310.6,0.996964,1.09717
206121,18475,18535.9,0.996717,1.09675
208913,18711,18763.9,0.99718,1.09712
211743,18955,18994.8,0.997904,1.09778
214611,19180,19228.5,0.997475,1.09717
217518,19409,19465.2,0.997112,1.09663
220465,19651,19704.9,0.997266,1.09666
223451,19899,19947.4,0.997572,1.09686
226478,20140,20193.1,0.997373,1.09651
229546,20392,20441.7,0.997567,1.09658
232655,20648,20693.5,0.997803,1.0967
235806,20892,20948.3,0.997312,1.09603
239001,21142,21206.4,0.996961,1.09551
242238,21408,21467.7,0.99722,1.09566
245519,21672,21732.2,0.997231,1.09553
248845,21951,22000,0.997772,1.09599
252216,22220,22271.2,0.997701,1.09578
255632,22492,22545.7,0.997619,1.09556
259095,22765,22823.7,0.99743,1.09521
262605,23037,23105.1,0.997053,1.09467
266162,23328,23390,0.99735,1.09486
269767,23628,23678.4,0.99787,1.0953
273421,23918,23970.5,0.997811,1.0951
277125,24213,24266.2,0.997808,1.09497
280879,24505,24565.6,0.997534,1.09453
284684,24813,24868.7,0.99776,1.09465
288540,25103,25175.6,0.997118,1.09382
292448,25417,25486.2,0.997284,1.09387
296410,25721,25800.9,0.996905,1.09332
300425,26029,26119.3,0.996541,1.09279
304494,26364,26441.8,0.997059,1.09323
308619,26693,26768.3,0.997187,1.09324
312799,27019,27098.8,0.997054,1.09297
317037,27361,27433.6,0.997354,1.09317
321331,27716,27772.4,0.997969,1.09372
325684,28061,28115.5,0.998062,1.09369
330095,28412,28462.8,0.998215,1.09373
334567,28763,28814.6,0.998211,1.0936
339099,29119,29170.6,0.99823,1.09349
343692,29478,29531.1,0.998201,1.09334
348348,29843,29896.2,0.998221,1.09323
353066,30219,30265.7,0.998457,1.09336
357849,30595,30639.9,0.998533,1.09332
362696,30957,31018.8,0.998009,1.09262
367609,31351,31402.4,0.998365,1.09289
372588,31711,31790.7,0.997493,1.09181
377635,32117,32183.9,0.997921,1.09216
382751,32503,32582.1,0.997573,1.09165
387935,32903,32985.1,0.99751,1.09146
393190,33332,33393.3,0.998165,1.09205
398516,33744,33806.5,0.998151,1.09192
403915,34145,34225,0.997663,1.09126
409386,34561,34648.6,0.997473,1.09093
414931,34996,35077.4,0.997678,1.09103
420552,35433,35511.7,0.997783,1.09103
426248,35869,35951.4,0.997709,1.09082
432022,36319,36396.6,0.997869,1.09088
437874,36784,36847.3,0.998282,1.09121
443806,37248,37303.8,0.998505,1.09134
449817,37693,37765.8,0.998073,1.09074
455910,38156,38233.6,0.997969,1.09051
462086,38609,38707.4,0.997458,1.08983
468345,39095,39187,0.997653,1.08993
474689,39594,39672.6,0.998019,1.09021
481119,40094,40164.3,0.99825,1.09034
487637,40575,40662.2,0.997855,1.08979
494242,41086,41166.3,0.99805,1.08989
500937,41613,41676.6,0.998473,1.09023
507722,42120,42193.4,0.998261,1.08989
514600,42640,42716.6,0.998206,1.08971
521570,43184,43246.3,0.998558,1.08998
528635,43720,43782.7,0.998567,1.08987
535796,44255,44325.9,0.998401,1.08958
543054,44803,44875.8,0.998378,1.08943
550410,45351,45432.6,0.998205,1.08913
557866,45915,45996.3,0.998232,1.08905
565422,46479,46567.1,0.998108,1.0888
573081,47064,47145,0.998281,1.08887
580844,47649,47730.2,0.998298,1.08878
588712,48263,48322.8,0.998763,1.08917
596687,48853,48922.7,0.998575,1.08885
604769,49460,49530.1,0.998584,1.08875
612961,50078,50145.2,0.998661,1.08872
621264,50708,50767.9,0.99882,1.08878
629680,51310,51398.5,0.998278,1.08808
638209,51958,52036.9,0.998483,1.08819
646854,52580,52683.4,0.998038,1.08759
655616,53248,53337.9,0.998315,1.08778
664497,53903,54000.7,0.998192,1.08754
673498,54579,54671.7,0.998305,1.08755
682621,55261,55351.1,0.998371,1.08751
691868,55940,56039.1,0.998231,1.08725
701239,56633,56735.7,0.99819,1.0871
710738,57360,57441,0.99859,1.08742
720366,58059,58155.2,0.998346,1.08705
730124,58796,58878.3,0.998602,1.08722
740014,59532,59610.5,0.998683,1.0872
750038,60240,60351.9,0.998147,1.0865
760197,60993,61102.5,0.998209,1.08646
770495,61769,61862.6,0.998488,1.08666
780932,62533,62632.2,0.998417,1.08647
791510,63321,63411.4,0.998575,1.08654
802232,64122,64200.4,0.998778,1.08665
813098,64912,64999.3,0.998657,1.08642
824112,65733,65808.2,0.998857,1.08653
835275,66550,66627.3,0.99884,1.0864
846590,67367,67456.7,0.99867,1.08611
858058,68205,68296.5,0.99866,1.08599
869681,69071,69146.8,0.998903,1.08615
881461,69939,70007.8,0.999018,1.08617
893401,70805,70879.6,0.998948,1.08599
905503,71671,71762.3,0.998728,1.08565
917768,72569,72656.1,0.998802,1.08562
930200,73491,73561.1,0.999047,1.08579
942800,74397,74477.5,0.99892,1.08554
955571,75311,75405.4,0.998749,1.08525
968515,76245,76344.9,0.998691,1.08509
981634,77184,77296.2,0.998548,1.08483
994931,78133,78259.5,0.998383,1.08455
1008408,79128,79234.9,0.998651,1.08474
1022068,80128,80222.6,0.998821,1.08482
1035913,81120,81222.6,0.998736,1.08462
1049945,82130,82235.2,0.99872,1.08451
1064167,83126,83260.5,0.998384,1.08404
1078582,84159,84298.7,0.998342,1.08389
1093192,85219,85350,0.998465,1.08392
1108000,86299,86414.4,0.998664,1.08404
1123009,87377,87492.3,0.998682,1.08396
1138221,88478,88583.7,0.998807,1.08399
1153639,89572,89688.8,0.998698,1.08377
1169266,90714,90807.8,0.998967,1.08397
1185104,91869,91940.8,0.999219,1.08414
1201157,93018,93088.1,0.999247,1.08407
1217428,94170,94249.8,0.999153,1.08387
1233919,95321,95426.2,0.998898,1.08349
1250633,96514,96617.3,0.998931,1.08343
1267574,97729,97823.4,0.999035,1.08345
1284744,98941,99044.6,0.998954,1.08326
1302146,100175,100281,0.998941,1.08315
1319785,101421,101533,0.998893,1.083
1337662,102684,102801,0.998859,1.08286
1355782,103961,104085,0.998807,1.08271
1374147,105253,105385,0.998745,1.08255
1392761,106572,106702,0.998785,1.08249
1411627,107922,108035,0.998958,1.08258
1430748,109250,109384,0.998772,1.08229
1450129,110638,110751,0.998979,1.08241
1469772,112029,112135,0.999055,1.0824
1489681,113436,113536,0.999117,1.08237
1509859,114873,114955,0.999285,1.08246
1530312,116300,116392,0.999209,1.08228
1551041,117740,117847,0.999093,1.08206
1572051,119207,119320,0.999052,1.08192
1593345,120669,120812,0.998817,1.08157
1614928,122184,122322,0.998868,1.08153
1636803,123746,123852,0.999144,1.08174
1658975,125267,125401,0.998932,1.08141
1681447,126855,126969,0.9991,1.0815
1704223,128434,128557,0.999041,1.08134
1727308,130027,130165,0.998937,1.08114
1750706,131663,131794,0.999007,1.08112
1774420,133282,133443,0.998796,1.0808
1798456,134957,135112,0.998851,1.08077
1822818,136642,136803,0.998823,1.08064
1847509,138370,138515,0.998953,1.08069
1872535,140128,140249,0.99914,1.0808
1897900,141889,142004,0.99919,1.08077
1923608,143661,143781,0.999162,1.08064
1949665,145481,145581,0.99931,1.08071
1976074,147254,147404,0.998982,1.08027
2002841,149126,149250,0.999172,1.08038
2029971,151018,151118,0.999335,1.08047
2057469,152894,153011,0.999236,1.08027
2085339,154805,154927,0.999211,1.08015
2113586,156744,156868,0.999212,1.08006
2142216,158716,158833,0.999266,1.08003
2171234,160713,160822,0.999321,1.08
2200645,162703,162837,0.999177,1.07975
2230454,164747,164877,0.99921,1.0797
2260667,166825,166943,0.999292,1.0797
2291289,168918,169035,0.999307,1.07963
2322326,171011,171153,0.999168,1.07939
2353784,173129,173299,0.999021,1.07914
2385667,175302,175471,0.999038,1.07907
2417983,177518,177670,0.999143,1.0791
2450736,179725,179898,0.99904,1.0789
2483933,181972,182153,0.999006,1.07877
2517580,184258,184437,0.999029,1.07871
2551682,186565,186750,0.999011,1.0786
2586247,188944,189092,0.999219,1.07874
2621279,191300,191463,0.999148,1.07858
2656786,193724,193865,0.999275,1.07863
2692774,196147,196296,0.99924,1.0785
2729250,198614,198759,0.999272,1.07845
2766219,201091,201252,0.999199,1.07829
2803690,203613,203777,0.999194,1.0782
2841667,206224,206334,0.999467,1.07841
2880160,208778,208923,0.999305,1.07814
2919174,211400,211545,0.999314,1.07807
2958716,214019,214200,0.999154,1.07781
2998794,216735,216889,0.999292,1.07788
3039414,219433,219611,0.999189,1.07768
3080585,222192,222368,0.999209,1.07762
3122314,224999,225160,0.999286,1.07762
3164608,227809,227987,0.999221,1.07746
3207475,230729,230849,0.999478,1.07765
3250922,233642,233748,0.999546,1.07764
3294958,236579,236684,0.999558,1.07757
3339591,239529,239656,0.999469,1.07739
3384828,242526,242667,0.999421,1.07726
3430678,245594,245715,0.999509,1.07727
3477149,248662,248801,0.999439,1.07711
3524249,251732,251927,0.999225,1.0768
3571988,254881,255093,0.999171,1.07666
3620373,258111,258298,0.999277,1.07669
3669413,261337,261544,0.99921,1.07653
3719118,264656,264830,0.999341,1.07659
3769496,267982,268159,0.99934,1.07651
3820556,271366,271529,0.999398,1.07649
3872308,274765,274942,0.999354,1.07636
3924762,278236,278399,0.999415,1.07635
3977925,281745,281899,0.999454,1.07631
4031809,285252,285443,0.99933,1.07609
4086423,288873,289032,0.999449,1.07614
4141776,292469,292667,0.999324,1.07593
4197879,296183,296347,0.999446,1.07598
4254743,299911,300074,0.999456,1.07591
4312376,303638,303849,0.999307,1.07567
4370790,307428,307671,0.999212,1.07548
4429995,311338,311541,0.999349,1.07555
4490003,315310,315460,0.999524,1.07566
4550823,319219,319429,0.999342,1.07539
4612467,323270,323448,0.999449,1.07542
4674946,327306,327518,0.999352,1.07524
4738272,331477,331640,0.999509,1.07533
4802455,335599,335814,0.999361,1.07509
4867507,339848,340040,0.999435,1.07509
4933441,344159,344320,0.999532,1.07512
5000268,348529,348654,0.99964,1.07515
5068000,352892,353044,0.999571,1.075
5136650,357341,357488,0.999588,1.07494
5206229,361828,361989,0.999554,1.07483
5276751,366410,366547,0.999625,1.07483
5348229,371020,371163,0.999614,1.07474
5420674,375679,375837,0.999579,1.07462
5494101,380406,380571,0.999567,1.07453
5568522,385170,385364,0.999497,1.07438
5643952,389995,390218,0.999428,1.07423
5720403,394933,395134,0.999492,1.07422
5797890,399855,400112,0.999359,1.074
5876426,404888,405152,0.999347,1.07391
5956027,410061,410257,0.999521,1.07402
6036705,415199,415427,0.999452,1.07387
6118477,420443,420662,0.99948,1.07383
6201356,425734,425963,0.999462,1.07373
6285357,431113,431332,0.999493,1.07369
6370497,436557,436768,0.999516,1.07364
6456790,442022,442274,0.999431,1.07347
6544251,447588,447849,0.999417,1.07338
6632898,453259,453495,0.999479,1.07338
6722745,458972,459213,0.999476,1.0733
6813809,464756,465003,0.99947,1.07322
6906107,470666,470866,0.999575,1.07325
6999655,476629,476804,0.999633,1.07324
7094470,482668,482817,0.999691,1.07323
7190570,488717,488906,0.999613,1.07307
7287971,494891,495073,0.999633,1.07302
7386692,501140,501318,0.999645,1.07296
7486750,507446,507642,0.999614,1.07285
7588163,513808,514046,0.999537,1.0727
7690950,520330,520531,0.999613,1.07271
7795129,526838,527099,0.999505,1.07252
7900719,533543,533750,0.999612,1.07256
8007740,540270,540486,0.999601,1.07247
8116211,547032,547307,0.999498,1.07229
8226150,553964,554214,0.999549,1.07227
8337579,560954,561209,0.999546,1.0722
8450518,567997,568293,0.999479,1.07205
8564986,575221,575467,0.999573,1.07208
8681004,582503,582731,0.999608,1.07205
8798595,589920,590089,0.999714,1.07209
8917778,597323,597539,0.999639,1.07194
9038575,604839,605084,0.999595,1.07182
9161009,612460,612725,0.999568,1.07172
9285101,620244,620462,0.999648,1.07173
9410874,628063,628298,0.999625,1.07164
9538351,635965,636234,0.999577,1.07151
9667555,644051,644270,0.99966,1.07153
9798509,652165,652409,0.999627,1.07143
9931236,660353,660650,0.99955,1.07127
10065762,668703,668997,0.999561,1.07122
10202109,677104,677449,0.999491,1.07107
10340304,685687,686009,0.999531,1.07104
10480371,694384,694677,0.999578,1.07102
10622335,703151,703455,0.999567,1.07094
10766222,712103,712345,0.99966,1.07097
10912058,721091,721348,0.999643,1.07088
11059869,730209,730466,0.999648,1.07082
11209683,739468,739699,0.999688,1.07079
11361526,748781,749049,0.999642,1.07068
11515425,758220,758519,0.999606,1.07057
11671410,767891,768108,0.999717,1.07062
11829507,777603,777820,0.999721,1.07055
11989746,787440,787655,0.999727,1.07049
12152155,797381,797615,0.999707,1.0704
12316765,807489,807701,0.999737,1.07037
12483604,817733,817916,0.999776,1.07034
12652703,828040,828260,0.999734,1.07023
12824093,838566,838737,0.999797,1.07023
12997804,849112,849346,0.999725,1.07008
13173868,859773,860090,0.999632,1.06991
13352317,870677,870971,0.999663,1.06988
13533184,881639,881990,0.999602,1.06975
13716500,892841,893149,0.999655,1.06974
13902300,904205,904450,0.999729,1.06975
14090616,915578,915895,0.999654,1.0696
14281483,927169,927485,0.999659,1.06954
14474936,938940,939223,0.999699,1.06952
14671009,950796,951110,0.99967,1.06942
14869738,962885,963148,0.999727,1.06941
15071159,975020,975340,0.999672,1.06929
15275308,987359,987686,0.999669,1.06922
15482223,999782,1.00019e+06,0.999592,1.06907
15691941,1012532,1.01285e+06,0.999684,1.0691
15904499,1025364,1.02568e+06,0.999696,1.06905
16119936,1038314,1.03866e+06,0.999664,1.06895
16338292,1051443,1.05181e+06,0.999646,1.06887
16559606,1064722,1.06513e+06,0.999613,1.06876
16783917,1078277,1.07862e+06,0.999679,1.06877
17011267,1092013,1.09228e+06,0.999752,1.06878
17241696,1105782,1.10612e+06,0.999696,1.06866
17475247,1119862,1.12013e+06,0.999761,1.06866
17711961,1134074,1.13432e+06,0.999785,1.06862
17951882,1148438,1.14869e+06,0.999783,1.06856
18195053,1162918,1.16324e+06,0.999723,1.06843
18441517,1177722,1.17798e+06,0.999783,1.06843
18691321,1192607,1.1929e+06,0.999752,1.06833
18944508,1207742,1.20802e+06,0.999771,1.06829
19201124,1223025,1.22333e+06,0.999754,1.0682
19461217,1238580,1.23883e+06,0.999799,1.06819
19724832,1254160,1.25453e+06,0.999706,1.06802
19992019,1270133,1.27043e+06,0.999767,1.06803
20262825,1286224,1.28653e+06,0.999761,1.06796
20537299,1302468,1.30284e+06,0.999715,1.06784
20815491,1319033,1.31935e+06,0.999756,1.06782
21097451,1335727,1.33608e+06,0.999736,1.06774
21383231,1352661,1.35302e+06,0.999735,1.06768
21672882,1369822,1.37017e+06,0.999743,1.06762
21966456,1387274,1.38755e+06,0.999804,1.06762
22264007,1404757,1.40514e+06,0.999727,1.06748
22565588,1422548,1.42296e+06,0.999711,1.0674
22871255,1440624,1.441e+06,0.999736,1.06736
23181062,1458945,1.45928e+06,0.99977,1.06734
23495065,1477416,1.47779e+06,0.999748,1.06725
23813322,1496129,1.49653e+06,0.99973,1.06717
24135890,1515082,1.51552e+06,0.999714,1.06709
24462828,1534377,1.53474e+06,0.999763,1.06708
24794194,1553931,1.55421e+06,0.99982,1.06708
25130048,1573613,1.57393e+06,0.9998,1.067
25470452,1593462,1.5939e+06,0.999727,1.06686
25815467,1613703,1.61412e+06,0.999741,1.06681
26165156,1634205,1.6346e+06,0.999756,1.06677
26519581,1654950,1.65535e+06,0.999761,1.06671
26878807,1675949,1.67635e+06,0.999759,1.06665
27242899,1697255,1.69763e+06,0.99978,1.06661
27611923,1718830,1.71917e+06,0.9998,1.06657
27985946,1740632,1.741e+06,0.999791,1.0665
28365035,1762723,1.76309e+06,0.999789,1.06644
28749259,1785134,1.78548e+06,0.999809,1.0664
29138688,1807718,1.80814e+06,0.999765,1.06629
29533392,1830648,1.8311e+06,0.999754,1.06622
29933442,1853935,1.85435e+06,0.999778,1.06618
30338911,1877658,1.87789e+06,0.999876,1.06623
30749873,1901512,1.90174e+06,0.999882,1.06617
31166401,1925574,1.92588e+06,0.999839,1.06607
31588572,1949976,1.95034e+06,0.999812,1.06598
32016461,1974750,1.97511e+06,0.999817,1.06593
32450146,1999833,2.0002e+06,0.999818,1.06587
32889706,2025251,2.0256e+06,0.999827,1.06582
33335220,2051039,2.05133e+06,0.999858,1.06579
33786769,2077134,2.07739e+06,0.999877,1.06575
34244434,2103337,2.10378e+06,0.99979,1.0656
34708299,2129949,2.13051e+06,0.999739,1.06549
35178447,2157000,2.15757e+06,0.999734,1.06542
35654963,2184447,2.18499e+06,0.999753,1.06538
36137935,2212201,2.21275e+06,0.999752,1.06532
36627448,2240353,2.24087e+06,0.999771,1.06529
37123592,2268804,2.26934e+06,0.999762,1.06522
37626457,2297620,2.29818e+06,0.999755,1.06515
38136134,2326811,2.32739e+06,0.999751,1.06509
38652714,2356426,2.35697e+06,0.999768,1.06505
39176292,2386483,2.38693e+06,0.999813,1.06504
39706962,2417015,2.41727e+06,0.999894,1.06507
40244820,2447620,2.448e+06,0.999845,1.06496
40789965,2478825,2.47912e+06,0.999881,1.06494
41342493,2510306,2.51064e+06,0.999868,1.06487
41902506,2542144,2.54256e+06,0.999837,1.06478
42470104,2574469,2.57489e+06,0.999838,1.06472
43045391,2607088,2.60763e+06,0.999794,1.06462
43628471,2640310,2.64078e+06,0.99982,1.06459
44219449,2673816,2.67437e+06,0.999794,1.0645
44818432,2707881,2.70838e+06,0.999816,1.06447
45425529,2742406,2.74282e+06,0.999848,1.06444
46040850,2777360,2.77771e+06,0.999874,1.06442
46664505,2812674,2.81304e+06,0.99987,1.06435
47296608,2848435,2.84882e+06,0.999864,1.06429
47937273,2884629,2.88506e+06,0.99985,1.06422
48586617,2921221,2.92176e+06,0.999814,1.06413
49244757,2958366,2.95894e+06,0.999808,1.06406
49911811,2996171,2.99658e+06,0.999863,1.06407
50587901,3034290,3.03471e+06,0.999862,1.06401
51273150,3072842,3.07332e+06,0.999844,1.06393
51967680,3112025,3.11243e+06,0.99987,1.0639
52671618,3151579,3.15204e+06,0.999854,1.06383
53385092,3191701,3.19215e+06,0.999859,1.06378
54108230,3232271,3.23278e+06,0.999843,1.06371
54841164,3273309,3.27392e+06,0.999812,1.06362
55584026,3314932,3.31559e+06,0.9998,1.06355
56336950,3357268,3.3578e+06,0.999842,1.06354
57100073,3400041,3.40054e+06,0.999853,1.0635
57873533,3443301,3.44383e+06,0.999846,1.06344
58657470,3487168,3.48767e+06,0.999855,1.06339
59452027,3531495,3.53208e+06,0.999835,1.06331
60257346,3576489,3.57705e+06,0.999843,1.06327
61073573,3622125,3.6226e+06,0.99987,1.06324
61900857,3668058,3.66872e+06,0.999818,1.06313
62739347,3714777,3.71544e+06,0.999821,1.06308
63589195,3762151,3.76276e+06,0.999839,1.06304
64450555,3810156,3.81068e+06,0.999863,1.06302
65323583,3858510,3.85921e+06,0.999818,1.06291
66208436,3907749,3.90837e+06,0.999842,1.06289
67105275,3957604,3.95815e+06,0.999862,1.06285
68014263,4008139,4.00857e+06,0.999893,1.06283
68935564,4059078,4.05963e+06,0.999863,1.06275
69869344,4110886,4.11135e+06,0.999887,1.06272
70815772,4163183,4.16373e+06,0.999869,1.06264
71775021,4216227,4.21678e+06,0.999869,1.06259
72747264,4270073,4.27051e+06,0.999899,1.06257
73732676,4324516,4.32492e+06,0.999906,1.06252
74731437,4379478,4.38003e+06,0.999874,1.06244
75743726,4435360,4.43585e+06,0.99989,1.0624
76769727,4491782,4.49238e+06,0.999867,1.06232
77809626,4549053,4.54963e+06,0.999873,1.06228
78863612,4606945,4.60762e+06,0.999854,1.0622
79931874,4665657,4.66635e+06,0.999852,1.06215
81014607,4725271,4.72583e+06,0.999883,1.06213
82112006,4785607,4.78607e+06,0.999904,1.0621
83224271,4846512,4.84708e+06,0.999883,1.06202
84351601,4908264,4.90887e+06,0.999876,1.06196
85494202,4970787,4.97145e+06,0.999866,1.0619
86652281,5034198,5.03484e+06,0.999873,1.06185
87826046,5098269,5.09903e+06,0.99985,1.06178
89015711,5163401,5.16405e+06,0.999874,1.06175
90221491,5229120,5.2299e+06,0.999851,1.06167
91443603,5295895,5.29659e+06,0.999868,1.06164
92682270,5363382,5.36414e+06,0.999859,1.06158
93937716,5431748,5.43255e+06,0.999852,1.06152
95210168,5501147,5.50184e+06,0.999874,1.06149
96499856,5571303,5.57201e+06,0.999872,1.06144
97807013,5642472,5.64309e+06,0.999891,1.06141
99131877,5714314,5.71507e+06,0.999868,1.06133
100474688,5787183,5.78797e+06,0.999863,1.06127
101835687,5861010,5.86181e+06,0.999863,1.06122
103215122,5935911,5.9366e+06,0.999885,1.06119
104613243,6011807,6.01234e+06,0.999912,1.06117
106030302,6088387,6.08905e+06,0.999891,1.0611
107466556,6166175,6.16674e+06,0.999908,1.06107
108922265,6244984,6.24543e+06,0.999928,1.06104
110397693,6324637,6.32513e+06,0.999922,1.06098
111893107,6405354,6.40585e+06,0.999923,1.06093
113408776,6487162,6.4876e+06,0.999932,1.06089
114944977,6569704,6.5704e+06,0.999894,1.0608
116501987,6653640,6.65426e+06,0.999907,1.06076
118080087,6738575,6.7392e+06,0.999908,1.06071
119679564,6824355,6.82522e+06,0.999873,1.06063
121300707,6911465,6.91234e+06,0.999873,1.06058
122943809,6999671,7.00059e+06,0.999869,1.06052
124609169,7089140,7.08996e+06,0.999885,1.06049
126297086,7179754,7.18047e+06,0.9999,1.06045
128007868,7271465,7.27215e+06,0.999905,1.06041
129741824,7364477,7.365e+06,0.999928,1.06038
131499267,7458442,7.45905e+06,0.999919,1.06032
133280516,7553536,7.55429e+06,0.9999,1.06025
135085893,7650087,7.65076e+06,0.999912,1.06022
136915725,7747738,7.74847e+06,0.999906,1.06016
138770344,7846502,7.84742e+06,0.999882,1.06009
140650085,7946772,7.94765e+06,0.999889,1.06005
142555288,8048300,8.04916e+06,0.999893,1.06
144486298,8151381,8.15197e+06,0.999927,1.05999
146443466,8255386,8.2561e+06,0.999913,1.05992
148427144,8360905,8.36157e+06,0.999921,1.05988
150437693,8467606,8.46839e+06,0.999908,1.05982
152475476,8575511,8.57657e+06,0.999876,1.05974
154540863,8685203,8.68615e+06,0.999891,1.05971
156634226,8796259,8.79712e+06,0.999902,1.05967
158755945,8908474,8.90953e+06,0.999882,1.0596
160906405,9022564,9.02337e+06,0.999911,1.05958
163085994,9137662,9.13867e+06,0.999889,1.05951
165295107,9254513,9.25546e+06,0.999898,1.05947
167534144,9372810,9.37374e+06,0.999901,1.05943
169803511,9492708,9.49353e+06,0.999913,1.05939
172103617,9614195,9.61487e+06,0.99993,1.05936
174434881,9737072,9.73776e+06,0.99993,1.05931
176797722,9861619,9.86222e+06,0.999939,1.05927
179192570,9987756,9.98828e+06,0.999947,1.05923
181619858,10115250,1.0116e+07,0.999929,1.05917
184080025,10244468,1.02453e+07,0.99992,1.05911
186573517,10375584,1.03763e+07,0.999935,1.05908
189100785,10508272,1.05089e+07,0.999939,1.05904
191662287,10642342,1.06433e+07,0.999912,1.05896
194258486,10778589,1.07794e+07,0.999928,1.05893
196889852,10916390,1.09172e+07,0.999927,1.05888
199556862,11055785,1.10568e+07,0.999909,1.05882
202259998,11197213,1.11982e+07,0.999914,1.05877
204999750,11340459,1.13414e+07,0.999919,1.05873
207776614,11485571,1.14864e+07,0.999926,1.05869
210591093,11632331,1.16333e+07,0.999914,1.05863
213443696,11781142,1.17821e+07,0.999917,1.05859
216334939,11931869,1.19328e+07,0.999921,1.05855
219265346,12084351,1.20854e+07,0.999909,1.05849
222235448,12238951,1.224e+07,0.999911,1.05844
225245781,12395593,1.23966e+07,0.999918,1.0584
228296892,12554026,1.25552e+07,0.999906,1.05834
231389332,12714856,1.27158e+07,0.999924,1.05832
234523661,12877165,1.28785e+07,0.999896,1.05824
237700447,13042317,1.30433e+07,0.999926,1.05823
240920265,13209481,1.32102e+07,0.999948,1.0582
244183698,13378101,1.33792e+07,0.999918,1.05813
247491335,13549517,1.35504e+07,0.999935,1.0581
250843778,13722895,1.37238e+07,0.999934,1.05805
254241631,13898573,1.38994e+07,0.999939,1.05801
257685511,14076481,1.40773e+07,0.999941,1.05797
261176040,14256651,1.42575e+07,0.999942,1.05792
264713851,14438996,1.444e+07,0.999934,1.05787
268299584,14623796,1.46248e+07,0.999933,1.05782
271933888,14810852,1.4812e+07,0.999924,1.05777
275617422,15000669,1.50016e+07,0.99994,1.05774
279350851,15192601,1.51936e+07,0.999934,1.05769
283134853,15387201,1.53881e+07,0.999941,1.05765
286970111,15583870,1.55851e+07,0.99992,1.05758
290857321,15783441,1.57846e+07,0.999924,1.05754
294797185,15985832,1.59867e+07,0.999943,1.05752
298790418,16190328,1.61914e+07,0.999932,1.05746
302837742,16397676,1.63988e+07,0.999934,1.05742
306939890,16607691,1.66087e+07,0.999937,1.05737
311097604,16820594,1.68214e+07,0.999951,1.05734
315311637,17035927,1.70368e+07,0.999947,1.05729
319582752,17253908,1.7255e+07,0.999936,1.05724
323911723,17474865,1.7476e+07,0.999935,1.05719
328299332,17698831,1.76998e+07,0.999943,1.05716
332746375,17925313,1.79265e+07,0.999932,1.0571
337253656,18154872,1.81562e+07,0.999929,1.05705
341821991,18387552,1.83887e+07,0.999936,1.05702
346452207,18623202,1.86243e+07,0.999942,1.05698
351145143,18861646,1.88629e+07,0.999936,1.05693
355901648,19103302,1.91045e+07,0.999937,1.05689
360722583,19347685,1.93493e+07,0.999918,1.05682
365608822,19595858,1.95972e+07,0.999933,1.05679
370561247,19846766,1.98483e+07,0.999925,1.05674
375580757,20101241,2.01026e+07,0.999934,1.05671
380668259,20359379,2.03602e+07,0.999962,1.05669
385824675,20620115,2.06211e+07,0.999954,1.05664
391050939,20884158,2.08853e+07,0.999945,1.05659
396347995,21151684,2.1153e+07,0.99994,1.05654
401716805,21422915,2.1424e+07,0.999947,1.0565
407158338,21697622,2.16986e+07,0.999954,1.05647
412673581,21975474,2.19767e+07,0.999943,1.05641
418263531,22257286,2.22584e+07,0.99995,1.05638
423929201,22542492,2.25437e+07,0.999946,1.05633
429671617,22831561,2.28327e+07,0.999951,1.05629
435491818,23124025,2.31254e+07,0.999942,1.05624
441390857,23420621,2.34218e+07,0.999949,1.0562
447369803,23720869,2.37221e+07,0.999948,1.05616
453429738,24025010,2.40262e+07,0.99995,1.05612
459571759,24333111,2.43343e+07,0.999953,1.05608
465796978,24645151,2.46463e+07,0.999955,1.05604
472106521,24961356,2.49623e+07,0.999963,1.056
478501532,25281295,2.52824e+07,0.999958,1.05596
484983168,25605562,2.56066e+07,0.999961,1.05592
491552602,25933956,2.59349e+07,0.999963,1.05588
498211024,26266618,2.62675e+07,0.999966,1.05584
504959638,26603004,2.66044e+07,0.999948,1.05578
511799668,26943716,2.69456e+07,0.999931,1.05571
518732350,27289466,2.72912e+07,0.999937,1.05568
525758940,27639276,2.76412e+07,0.99993,1.05563
532880710,27994052,2.79958e+07,0.999939,1.0556
540098950,28353322,2.83549e+07,0.999945,1.05556
547414966,28716840,2.87186e+07,0.999939,1.05551
554830082,29085577,2.9087e+07,0.999951,1.05548
562345641,29458652,2.94602e+07,0.999949,1.05544
569963003,29836439,2.98381e+07,0.999944,1.05539
577683548,30219313,3.02209e+07,0.999947,1.05535
585508674,30607092,3.06087e+07,0.999949,1.05531
593439795,30999889,3.10014e+07,0.999951,1.05528
601478350,31397983,3.13992e+07,0.999962,1.05525
609625792,31800941,3.18021e+07,0.999964,1.05521
617883597,32208742,3.22102e+07,0.999955,1.05516
626253260,32622040,3.26235e+07,0.999954,1.05511
634736296,33040731,3.30422e+07,0.999956,1.05507
643334240,33464886,3.34663e+07,0.999959,1.05504
652048649,33894417,3.38958e+07,0.99996,1.055
660881102,34329620,3.43308e+07,0.999965,1.05496
669833195,34770140,3.47715e+07,0.999962,1.05492
678906552,35216248,3.52178e+07,0.999957,1.05487
688102813,35668420,3.56698e+07,0.99996,1.05483
697423643,36126522,3.61277e+07,0.999967,1.0548
706870731,36590246,3.65915e+07,0.999965,1.05476
716445787,37059771,3.70613e+07,0.99996,1.05471
726150543,37535774,3.75371e+07,0.999965,1.05467
735986757,38017350,3.8019e+07,0.999957,1.05462
745956209,38505531,3.85071e+07,0.999958,1.05459
756060704,38999766,3.90016e+07,0.999954,1.05454
766302072,39500018,3.95024e+07,0.999941,1.05449
776682166,40007352,4.00096e+07,0.999944,1.05445
787202866,40521555,4.05234e+07,0.999955,1.05442
797866076,41042337,4.10438e+07,0.999965,1.05439
808673726,41569463,4.15709e+07,0.999966,1.05435
819627774,42103361,4.21047e+07,0.999967,1.05431
830730202,42644104,4.26455e+07,0.999967,1.05427
841983020,43191839,4.31932e+07,0.999968,1.05423
853388265,43746557,4.3748e+07,0.999967,1.05419
864948002,44308337,4.43099e+07,0.999964,1.05415
876664324,44877392,4.48791e+07,0.999962,1.05411
888539351,45453606,4.54556e+07,0.999956,1.05406
900575234,46037230,4.60395e+07,0.99995,1.05402
912774152,46629305,4.6631e+07,0.999964,1.05399
925138312,47228416,4.72301e+07,0.999965,1.05395
937669953,47834933,4.78369e+07,0.999959,1.05391
950371345,48449360,4.84515e+07,0.999956,1.05386
963244785,49072386,4.9074e+07,0.999967,1.05384
976292605,49702536,4.97046e+07,0.999959,1.05379
989517167,50341373,5.03433e+07,0.999963,1.05375
1002920865,50988303,5.09902e+07,0.999963,1.05372
1016506125,51643917,5.16454e+07,0.999971,1.05368
1030275407,52307591,5.23091e+07,0.999971,1.05364
1044231203,52980082,5.29814e+07,0.999976,1.05361
1058376041,53660374,5.36623e+07,0.999964,1.05356
1072712480,54350611,5.4352e+07,0.999975,1.05353
1087243116,55049332,5.50506e+07,0.999978,1.0535
1101970579,55756937,5.57581e+07,0.999978,1.05346
1116897537,56473770,5.64748e+07,0.999981,1.05342
1132026690,57199308,5.72008e+07,0.999974,1.05338
1147360778,57933639,5.79361e+07,0.999957,1.05332
1162902578,58679061,5.86809e+07,0.999969,1.05329
1178654901,59433501,5.94353e+07,0.99997,1.05326
1194620601,60197191,6.01994e+07,0.999963,1.05321
1210802567,60971105,6.09734e+07,0.999963,1.05317
1227203730,61754839,6.17573e+07,0.99996,1.05313
1243827057,62548506,6.25514e+07,0.999954,1.05309
1260675559,63353275,6.33557e+07,0.999962,1.05306
1277752286,64168191,6.41703e+07,0.999967,1.05302
1295060328,64993329,6.49955e+07,0.999967,1.05298
1312602821,65829231,6.58313e+07,0.999969,1.05295
1330382938,66675210,6.66779e+07,0.99996,1.0529
1348403900,67533368,6.75354e+07,0.99997,1.05287
1366668968,68402313,6.8404e+07,0.999976,1.05284
1385181449,69281597,6.92837e+07,0.999969,1.0528
1403944694,70172562,7.01749e+07,0.999967,1.05276
1422962101,71075104,7.10775e+07,0.999967,1.05272
1442237111,71989117,7.19917e+07,0.999964,1.05268
1461773215,72915433,7.29178e+07,0.999968,1.05264
1481573949,73853486,7.38558e+07,0.999969,1.05261
1501642898,74804220,7.48059e+07,0.999978,1.05258
1521983695,75766348,7.57682e+07,0.999975,1.05254
1542600022,76741230,7.6743e+07,0.999977,1.0525
1563495611,77728340,7.77303e+07,0.999975,1.05246
1584674246,78728781,7.87304e+07,0.999979,1.05243
1606139760,79741610,7.97434e+07,0.999978,1.05239
1627896039,80767286,8.07694e+07,0.999973,1.05235
1649947023,81806769,8.18087e+07,0.999976,1.05232
1672296702,82859123,8.28614e+07,0.999972,1.05228
1694949123,83925593,8.39277e+07,0.999975,1.05224
1717908387,85005815,8.50078e+07,0.999977,1.05221
1741178650,86099563,8.61018e+07,0.999975,1.05217
1764764125,87207704,8.72099e+07,0.999975,1.05213
1788669081,88330059,8.83323e+07,0.999975,1.05209
1812897847,89467423,8.94691e+07,0.999981,1.05206
1837454808,90618703,9.06207e+07,0.999978,1.05202
1862344411,91784677,9.17871e+07,0.999973,1.05198
1887571160,92965550,9.29686e+07,0.999967,1.05194
1913139623,94162602,9.41653e+07,0.999971,1.05191
1939054429,95374458,9.53775e+07,0.999968,1.05187
1965320269,96602326,9.66053e+07,0.999969,1.05183
1991941898,97846255,9.7849e+07,0.999972,1.0518
2018924135,99106743,9.91087e+07,0.99998,1.05177
2046271866,100382401,1.00385e+08,0.999977,1.05173
2073990041,101674534,1.01677e+08,0.999974,1.05169
2102083677,102983867,1.02986e+08,0.999976,1.05166
2130557862,104309883,1.04312e+08,0.999976,1.05162
2159417748,105652714,1.05656e+08,0.999973,1.05158
2188668563,107013456,1.07016e+08,0.999976,1.05155
2218315600,108390968,1.08394e+08,0.999971,1.05151
2248364226,109787016,1.0979e+08,0.999973,1.05147
2278819882,111202084,1.11204e+08,0.999984,1.05145
2309688081,112633984,1.12636e+08,0.999981,1.05141
2340974411,114084424,1.14087e+08,0.99998,1.05137
2372684537,115553504,1.15556e+08,0.999977,1.05134
2404824198,117041403,1.17044e+08,0.999974,1.0513
2437399213,118549030,1.18552e+08,0.999975,1.05126
2470415479,120075955,1.20079e+08,0.999974,1.05122
2503878974,121622343,1.21626e+08,0.999971,1.05119
2537795755,123190155,1.23193e+08,0.99998,1.05116
2572171962,124777730,1.2478e+08,0.999985,1.05113
2607013819,126385449,1.26387e+08,0.999987,1.0511
2642327633,128013217,1.28015e+08,0.999983,1.05106
2678119797,129662264,1.29665e+08,0.999982,1.05102
2714396791,131333239,1.31335e+08,0.999985,1.05099
2751165182,133024361,1.33027e+08,0.999977,1.05094
2788431627,134738549,1.34741e+08,0.999979,1.05091
2826202871,136475018,1.36478e+08,0.999981,1.05088
2864485753,138233805,1.38236e+08,0.999983,1.05085
2903287204,140014998,1.40017e+08,0.999982,1.05081
2942614247,141819433,1.41822e+08,0.999983,1.05078
2982474002,143646735,1.43649e+08,0.999981,1.05074
3022873685,145497318,1.45501e+08,0.999976,1.0507
3063820610,147372763,1.47376e+08,0.999979,1.05067
3105322189,149271636,1.49275e+08,0.999975,1.05063
3147385937,151195711,1.51199e+08,0.999976,1.05059
3190019466,153144851,1.53148e+08,0.999979,1.05056
3233230497,155118567,1.55122e+08,0.999977,1.05053
3277026851,157117691,1.57122e+08,0.999975,1.05049
3321416458,159143275,1.59147e+08,0.999977,1.05046
3366407352,161194243,1.61199e+08,0.999973,1.05042
3412007679,163272214,1.63277e+08,0.999973,1.05038
3458225695,165377718,1.65381e+08,0.999977,1.05035
3505069765,167510125,1.67514e+08,0.999979,1.05032
3552548371,169670416,1.69673e+08,0.999983,1.05029
3600670108,171857397,1.71861e+08,0.99998,1.05025
3649443687,174074323,1.74077e+08,0.999986,1.05023
3698877938,176318630,1.76321e+08,0.999985,1.05019
3748981810,178592950,1.78595e+08,0.99999,1.05016
3799764374,180895391,1.80898e+08,0.999988,1.05013
3851234824,183228044,1.8323e+08,0.999988,1.05009
3903402476,185590792,1.85593e+08,0.999987,1.05006
3956276775,187984081,1.87987e+08,0.999987,1.05002
4009867294,190407928,1.90411e+08,0.999985,1.04999
4064183733,192863431,1.92867e+08,0.999984,1.04995
4119235927,195350404,1.95354e+08,0.999982,1.04992
4175033840,197869516,1.97874e+08,0.99998,1.04988
4231587575,200421892,2.00426e+08,0.999981,1.04985
4288907370,203007251,2.03011e+08,0.999982,1.04981
4347003601,205625802,2.05629e+08,0.999982,1.04978
4405886786,208278669,2.08282e+08,0.999984,1.04975
4465567585,210965162,2.10969e+08,0.999983,1.04972
4526056801,213686553,2.1369e+08,0.999983,1.04968
4587365386,216443180,2.16447e+08,0.999983,1.04965
4649504438,219235602,2.19239e+08,0.999983,1.04962
4712485207,222064113,2.22068e+08,0.999984,1.04958
4776319095,224929578,2.24933e+08,0.999986,1.04955
4841017656,227831314,2.27835e+08,0.999985,1.04952
4906592605,230770931,2.30774e+08,0.999985,1.04948
4973055812,233748584,2.33752e+08,0.999985,1.04945
5040419309,236764764,2.36768e+08,0.999985,1.04942
5108695292,239819189,2.39824e+08,0.999982,1.04938
5177896120,242914210,2.42918e+08,0.999983,1.04935
5248034322,246048921,2.46053e+08,0.999983,1.04932
5319122594,249224351,2.49228e+08,0.999984,1.04928
5391173806,252440362,2.52445e+08,0.999983,1.04925
5464201002,255698573,2.55703e+08,0.999984,1.04922
5538217403,258997521,2.59003e+08,0.99998,1.04918
5613236406,262341651,2.62346e+08,0.999985,1.04915
5689271595,265728973,2.65732e+08,0.99999,1.04913
5766336732,269158571,2.69162e+08,0.999989,1.04909
5844445771,272632001,2.72636e+08,0.999986,1.04906
5923612851,276150784,2.76155e+08,0.999984,1.04902
6003852304,279716189,2.7972e+08,0.999987,1.04899
6085178656,283326840,2.83331e+08,0.999986,1.04896
6167606630,286985368,2.86989e+08,0.999989,1.04893
6251151148,290689897,2.90693e+08,0.999988,1.0489
6335827335,294443484,2.94446e+08,0.99999,1.04887
6421650520,298243518,2.98248e+08,0.999985,1.04883
6508636239,302093899,3.02099e+08,0.999985,1.0488
6596800241,305995538,3.05999e+08,0.999988,1.04877
6686158485,309947304,3.0995e+08,0.999991,1.04874
6776727148,313948883,3.13952e+08,0.999989,1.0487
6868522627,318002051,3.18006e+08,0.999987,1.04867
6961561540,322107987,3.22113e+08,0.999986,1.04864
7055860729,326268388,3.26272e+08,0.999988,1.04861
7151437267,330481690,3.30486e+08,0.999988,1.04858
7248308455,334748651,3.34754e+08,0.999985,1.04854
7346491830,339072558,3.39077e+08,0.999988,1.04851
7446005168,343451650,3.43456e+08,0.999988,1.04848
7546866483,347887271,3.47892e+08,0.999987,1.04845
7649094034,352379009,3.52385e+08,0.999983,1.04841
7752706329,356929923,3.56937e+08,0.999981,1.04838
7857722125,361541115,3.61547e+08,0.999984,1.04835
7964160432,366211244,3.66217e+08,0.999984,1.04832
8072040520,370942473,3.70948e+08,0.999986,1.04829
8181381919,375733837,3.75739e+08,0.999985,1.04825
8292204423,380589590,3.80593e+08,0.99999,1.04823
8404528095,385506245,3.8551e+08,0.99999,1.0482
8518373269,390486162,3.9049e+08,0.999989,1.04816
8633760555,395531504,3.95535e+08,0.999991,1.04813
8750710843,400640598,4.00645e+08,0.999988,1.0481
8869245303,405817187,4.05822e+08,0.999989,1.04807
8989385395,411060035,4.11065e+08,0.999988,1.04804
9111152867,416371458,4.16376e+08,0.999988,1.04801
9234569765,421751125,4.21757e+08,0.999987,1.04797
9359658431,427201552,4.27206e+08,0.999989,1.04795
9486441509,432721860,4.32727e+08,0.999989,1.04791
9614941952,438313909,4.38319e+08,0.999989,1.04788
9745183023,443980118,4.43983e+08,0.999994,1.04786
9877188300,449717249,4.49721e+08,0.999993,1.04783
10010981681,455529789,4.55533e+08,0.999994,1.0478
10146587385,461416458,4.6142e+08,0.999993,1.04776
10284029963,467378954,4.67383e+08,0.999991,1.04773
10423334296,473418977,4.73424e+08,0.999989,1.0477
10564525604,479536827,4.79543e+08,0.999987,1.04766
10707629445,485735798,4.85742e+08,0.999988,1.04764
10852671728,492015028,4.9202e+08,0.99999,1.04761
10999678709,498374737,4.9838e+08,0.999989,1.04757
11148677002,504817730,5.04822e+08,0.999991,1.04755
11299693580,511341733,5.11348e+08,0.999987,1.04751
11452755783,517950819,5.17959e+08,0.999985,1.04748
11607891320,524649631,5.24655e+08,0.99999,1.04745
11765128275,531432696,5.31438e+08,0.999991,1.04742
11924495114,538302813,5.38308e+08,0.99999,1.04739
12086020688,545261654,5.45268e+08,0.999988,1.04736
12249734238,552312903,5.52318e+08,0.999991,1.04733
12415665402,559452737,5.59459e+08,0.999988,1.0473
12583844219,566688053,5.66693e+08,0.999991,1.04727
12754301134,574014232,5.74021e+08,0.999989,1.04724
12927067008,581438318,5.81443e+08,0.999992,1.04721
13102173114,588956343,5.88962e+08,0.999991,1.04718
13279651155,596572764,5.96578e+08,0.999991,1.04715
13459533260,604287997,6.04293e+08,0.999992,1.04712
13641851992,612102894,6.12108e+08,0.999992,1.04709
13826640358,620018629,6.20024e+08,0.999991,1.04706
14013931811,628036119,6.28043e+08,0.99999,1.04703
14203760257,636158371,6.36165e+08,0.999989,1.047
14396160062,644386922,6.44393e+08,0.99999,1.04697
14591166055,652721783,6.52728e+08,0.99999,1.04694
14788813540,661165244,6.61171e+08,0.999992,1.04691
14989138298,669716925,6.69723e+08,0.999991,1.04688
15192176593,678381699,6.78386e+08,0.999994,1.04686
15397965184,687156298,6.87161e+08,0.999993,1.04682
15606541324,696046017,6.9605e+08,0.999994,1.0468
15817942773,705050072,7.05055e+08,0.999993,1.04677
16032207801,714170342,7.14176e+08,0.999992,1.04674
16249375198,723409846,7.23415e+08,0.999993,1.04671
16469484278,732768562,7.32774e+08,0.999992,1.04668
16692574889,742249536,7.42255e+08,0.999993,1.04665
16918687417,751853885,7.51858e+08,0.999994,1.04662
17147862797,761580494,7.61586e+08,0.999992,1.04659
17380142516,771434587,7.7144e+08,0.999992,1.04656
17615568626,781416212,7.81422e+08,0.999992,1.04653
17854183746,791527000,7.91534e+08,0.999992,1.0465
18096031073,801769796,8.01776e+08,0.999992,1.04647
18341154391,812143133,8.12151e+08,0.99999,1.04644
18589598074,822652808,8.22661e+08,0.99999,1.04641
18841407100,833297415,8.33307e+08,0.999988,1.04638
19096627054,844082301,8.44092e+08,0.999989,1.04635
19355304139,855008273,8.55016e+08,0.999991,1.04632
19617485186,866073150,8.66081e+08,0.99999,1.04629
19883217657,877282245,8.77291e+08,0.99999,1.04627
20152549659,888636595,8.88645e+08,0.99999,1.04624
20425529950,900139889,9.00147e+08,0.999992,1.04621
20702207949,911791482,9.11799e+08,0.999992,1.04618
20982633743,923594269,9.23601e+08,0.999993,1.04615
21266858100,935550032,9.35556e+08,0.999993,1.04612
21554932474,947660479,9.47667e+08,0.999993,1.0461
21846909015,959928719,9.59934e+08,0.999994,1.04607
22142840581,972355606,9.72361e+08,0.999994,1.04604
22442780746,984942431,9.84949e+08,0.999993,1.04601
22746783809,997695675,9.977e+08,0.999995,1.04598
23054904805,1010610801,1.01062e+09,0.999994,1.04595
23367199513,1023693488,1.0237e+09,0.999992,1.04592
23683724471,1036950323,1.03696e+09,0.999995,1.0459
24004536979,1050376187,1.05038e+09,0.999995,1.04587
24329695115,1063976664,1.06398e+09,0.999995,1.04584
24659257745,1077751796,1.07776e+09,0.999994,1.04581
24993284529,1091706618,1.09171e+09,0.999993,1.04578
25331835938,1105842892,1.10585e+09,0.999993,1.04575
25674973262,1120160779,1.12017e+09,0.999991,1.04572
26022758619,1134666801,1.13468e+09,0.999992,1.04569
26375254970,1149361906,1.14937e+09,0.999993,1.04567
26732526129,1164247336,1.16426e+09,0.999993,1.04564
27094636775,1179326018,1.17933e+09,0.999994,1.04561
27461652461,1194600728,1.19461e+09,0.999995,1.04558
27833639629,1210071641,1.21008e+09,0.999994,1.04556
28210665622,1225744240,1.22575e+09,0.999994,1.04553
28592798695,1241617581,1.24163e+09,0.999992,1.0455
28980108025,1257701628,1.25771e+09,0.999994,1.04547
29372663729,1273992161,1.274e+09,0.999993,1.04544
29770536873,1290493679,1.2905e+09,0.999993,1.04541
30173799486,1307209920,1.30722e+09,0.999993,1.04539
30582524571,1324143784,1.32415e+09,0.999993,1.04536
30996786121,1341297810,1.34131e+09,0.999994,1.04533
31416659131,1358673885,1.35868e+09,0.999994,1.0453
31842219614,1376275263,1.37628e+09,0.999994,1.04528
32273544609,1394106612,1.39411e+09,0.999994,1.04525
32710712201,1412166555,1.41218e+09,0.999993,1.04522
33153801531,1430465001,1.43047e+09,0.999995,1.0452
33602892815,1448996315,1.44901e+09,0.999994,1.04517
34058067352,1467768113,1.46778e+09,0.999992,1.04514
34519407545,1486787769,1.4868e+09,0.999993,1.04511
34986996911,1506053773,1.50606e+09,0.999994,1.04508
35460920100,1525569288,1.52558e+09,0.999994,1.04506
35941262908,1545339065,1.54535e+09,0.999995,1.04503
36428112293,1565363712,1.56537e+09,0.999995,1.045
36921556392,1585649740,1.58566e+09,0.999996,1.04498
37421684533,1606197947,1.60621e+09,0.999995,1.04495
37928587258,1627013669,1.62702e+09,0.999996,1.04492
38442356333,1648099936,1.64811e+09,0.999996,1.04489
38963084767,1669457665,1.66947e+09,0.999995,1.04487
39490866830,1691093287,1.6911e+09,0.999994,1.04484
40025798067,1713011623,1.71302e+09,0.999995,1.04481
40567975320,1735215609,1.73522e+09,0.999995,1.04478
41117496740,1757702965,1.75771e+09,0.999993,1.04476
41674461810,1780486336,1.7805e+09,0.999994,1.04473
42238971359,1803567948,1.80358e+09,0.999995,1.0447
42811127582,1826945048,1.82696e+09,0.999994,1.04468
43391034059,1850625575,1.85064e+09,0.999993,1.04465
43978795772,1874617479,1.87463e+09,0.999995,1.04462
44574519126,1898919080,1.89893e+09,0.999995,1.04459
45178311967,1923538530,1.92355e+09,0.999996,1.04457
45790283601,1948475006,1.94848e+09,0.999996,1.04454
46410544817,1973733247,1.97374e+09,0.999994,1.04451
47039207901,1999324373,1.99933e+09,0.999995,1.04449
47676386665,2025243312,2.02526e+09,0.999994,1.04446
48322196457,2051500827,2.05151e+09,0.999994,1.04443
48976754192,2078100778,2.07811e+09,0.999994,1.04441
49640178366,2105045743,2.10506e+09,0.999994,1.04438
50312589082,2132339134,2.13235e+09,0.999993,1.04435
50994108068,2159991786,2.16e+09,0.999995,1.04433
51684858703,2188002462,2.18801e+09,0.999995,1.0443
52384966035,2216373785,2.21639e+09,0.999995,1.04427
53094556807,2245117298,2.24513e+09,0.999996,1.04425
53813759480,2274233831,2.27424e+09,0.999996,1.04422
54542704253,2303726808,2.30374e+09,0.999996,1.0442
55281523089,2333604258,2.33361e+09,0.999997,1.04417
56030349740,2363869352,2.36388e+09,0.999997,1.04414
56789319768,2394527563,2.39454e+09,0.999997,1.04412
57558570573,2425582670,2.42559e+09,0.999996,1.04409
58338241414,2457043248,2.45705e+09,0.999997,1.04407
59128473439,2488910237,2.48892e+09,0.999996,1.04404
59929409706,2521192889,2.5212e+09,0.999996,1.04401
60741195212,2553897132,2.55391e+09,0.999996,1.04399
61563976916,2587023014,2.58703e+09,0.999996,1.04396
62397903770,2620581115,2.62059e+09,0.999996,1.04393
63243126743,2654575328,2.65459e+09,0.999996,1.04391
64099798849,2689012832,2.68902e+09,0.999996,1.04388
64968075173,2723893803,2.72391e+09,0.999995,1.04385
65848112904,2759231615,2.75924e+09,0.999995,1.04383
66740071358,2795027553,2.79504e+09,0.999995,1.0438
67644112009,2831288775,2.8313e+09,0.999995,1.04378
68560398519,2868023533,2.86804e+09,0.999995,1.04375
69489096766,2905236131,2.90525e+09,0.999996,1.04373
70430374876,2942929944,2.94294e+09,0.999996,1.0437
71384403253,2981118728,2.98113e+09,0.999997,1.04368
72351354607,3019795182,3.01981e+09,0.999996,1.04365
73331403989,3058979357,3.05899e+09,0.999996,1.04362
74324728822,3098669748,3.09868e+09,0.999995,1.0436
75331508929,3138880241,3.13889e+09,0.999996,1.04357
76351926573,3179613176,3.17963e+09,0.999996,1.04355
77386166483,3220879134,3.22089e+09,0.999997,1.04352
78434415891,3262673431,3.26269e+09,0.999996,1.04349
79496864566,3305016382,3.30503e+09,0.999996,1.04347
80573704847,3347908119,3.34792e+09,0.999996,1.04344
81665131678,3391355892,3.39137e+09,0.999996,1.04342
82771342644,3435372879,3.43539e+09,0.999996,1.04339
83892538006,3479960481,3.47997e+09,0.999997,1.04337
85028920738,3525127667,3.52514e+09,0.999997,1.04334
86180696565,3570882193,3.57089e+09,0.999997,1.04332
87348073995,3617231447,3.61724e+09,0.999997,1.04329
88531264364,3664181973,3.6642e+09,0.999996,1.04327
89730481869,3711745172,3.71176e+09,0.999996,1.04324
90945943608,3759925350,3.75994e+09,0.999996,1.04322
92177869622,3808735632,3.80875e+09,0.999997,1.04319
93426482930,3858177487,3.85819e+09,0.999997,1.04317
94692009572,3908264767,3.90828e+09,0.999997,1.04314
95974678653,3959001912,3.95901e+09,0.999997,1.04312
97274722377,4010396619,4.01041e+09,0.999997,1.04309
98592376098,4062466089,4.06248e+09,0.999998,1.04307
99927878353,4115207043,4.11522e+09,0.999997,1.04304
101281470915,4168640944,4.16865e+09,0.999998,1.04302
102653398830,4222765287,4.22277e+09,0.999998,1.04299
104043910461,4277587826,4.2776e+09,0.999997,1.04297
105453257538,4333127994,4.33314e+09,0.999997,1.04294
106881695201,4389384089,4.3894e+09,0.999995,1.04291
108329482046,4446380216,4.4464e+09,0.999996,1.04289
109796880169,4504114804,4.50414e+09,0.999995,1.04286
111284155219,4562605288,4.56263e+09,0.999996,1.04284
112791576444,4621855992,4.62187e+09,0.999996,1.04281
114319416737,4681876695,4.68189e+09,0.999996,1.04279
115867952689,4742681016,4.7427e+09,0.999997,1.04277
117437464636,4804271158,4.80429e+09,0.999997,1.04274
119028236713,4866662055,4.86668e+09,0.999996,1.04272
120640556904,4929863486,4.92989e+09,0.999996,1.04269
122274717092,4993899013,4.99391e+09,0.999997,1.04267
123931013116,5058761524,5.05877e+09,0.999998,1.04264
125609744821,5124465037,5.12448e+09,0.999998,1.04262
127311216113,5191022730,5.19104e+09,0.999997,1.04259
129035735016,5258448512,5.25846e+09,0.999997,1.04257
130783613727,5326755035,5.32677e+09,0.999998,1.04255
132555168669,5395944117,5.39596e+09,0.999998,1.04252
134350720554,5466036702,5.46605e+09,0.999998,1.0425
136170594438,5537036886,5.53705e+09,0.999997,1.04247
138015119778,5608963447,5.60898e+09,0.999997,1.04245
139884630496,5681830459,5.68185e+09,0.999997,1.04242
141779465035,5755643584,5.75566e+09,0.999997,1.0424
143699966426,5830416567,5.83043e+09,0.999997,1.04237
145646482342,5906163221,5.90618e+09,0.999997,1.04235
147619365170,5982901754,5.98291e+09,0.999998,1.04233
149618972066,6060631150,6.06064e+09,0.999998,1.0423
151645665028,6139368714,6.13939e+09,0.999997,1.04228
153699810954,6219129506,6.21915e+09,0.999996,1.04225
155781781715,6299942877,6.29996e+09,0.999997,1.04223
157891954216,6381800967,6.38182e+09,0.999997,1.04221
160030710471,6464724750,6.46474e+09,0.999997,1.04218
162198437665,6548726911,6.54874e+09,0.999997,1.04216
164395528231,6633818701,6.63384e+09,0.999997,1.04213
166622379916,6720023516,6.72005e+09,0.999997,1.04211
168879395854,6807351899,6.80737e+09,0.999997,1.04209
171166984642,6895819539,6.89583e+09,0.999998,1.04206
173485560410,6985430811,6.98545e+09,0.999997,1.04204
175835542898,7076213400,7.07623e+09,0.999997,1.04201
178217357532,7168175778,7.16819e+09,0.999997,1.04199
180631435500,7261338513,7.26136e+09,0.999998,1.04197
183078213833,7355712193,7.35573e+09,0.999998,1.04194
185558135478,7451311616,7.45133e+09,0.999997,1.04192
188071649386,7548158222,7.54818e+09,0.999997,1.04189
190619210586,7646264546,7.64629e+09,0.999997,1.04187
193201280274,7745652113,7.74567e+09,0.999997,1.04185
195818325890,7846333688,7.84635e+09,0.999998,1.04182
198470821207,7948327002,7.94834e+09,0.999998,1.0418
201159246418,8051652287,8.05166e+09,0.999999,1.04178
203884088216,8156305237,8.15633e+09,0.999997,1.04175
206645839890,8262336874,8.26235e+09,0.999998,1.04173
209445001410,8369745898,8.36976e+09,0.999998,1.04171
212282079518,8478550342,8.47857e+09,0.999998,1.04168
215157587821,8588775236,8.58879e+09,0.999998,1.04166
218072046882,8700436222,8.70045e+09,0.999998,1.04164
221025984317,8813547983,8.81357e+09,0.999998,1.04161
224019934887,8928133088,8.92815e+09,0.999998,1.04159
227054440599,9044210895,9.04423e+09,0.999998,1.04157
230130050799,9161798778,9.16182e+09,0.999997,1.04154
233247322277,9280918676,9.28094e+09,0.999997,1.04152
236406819364,9401600881,9.40162e+09,0.999998,1.0415
239609114035,9523852092,9.52386e+09,0.999999,1.04147
242854786013,9647686311,9.6477e+09,0.999998,1.04145
246144422873,9773135493,9.77315e+09,0.999998,1.04143
249478620151,9900215930,9.90024e+09,0.999998,1.0414
252857981448,10028953689,1.0029e+10,0.999998,1.04138
256283118543,10159371276,1.01594e+10,0.999998,1.04136
259754651500,10291487015,1.02915e+10,0.999997,1.04133
263273208783,10425331419,1.04254e+10,0.999998,1.04131
266839427371,10560905341,1.05609e+10,0.999998,1.04129
270453952868,10698253131,1.06983e+10,0.999998,1.04126
274117439624,10837390967,1.08374e+10,0.999998,1.04124
277830550855,10978343173,1.09784e+10,0.999998,1.04122
281593958759,11121124973,1.11212e+10,0.999998,1.0412
285408344637,11265777697,1.12658e+10,0.999998,1.04117
289274399024,11412298460,1.14123e+10,0.999997,1.04115
293192821804,11560740871,1.15608e+10,0.999998,1.04113
297164322344,11711112564,1.17111e+10,0.999998,1.0411
301189619619,11863448848,1.18635e+10,0.999998,1.04108
305269442343,12017767404,1.20178e+10,0.999998,1.04106
309404529102,12174099487,1.21741e+10,0.999998,1.04104
313595628484,12332461294,1.23325e+10,0.999998,1.04101
317843499220,12492894146,1.24929e+10,0.999998,1.04099
322148910318,12655417333,1.26554e+10,0.999998,1.04097
326512641201,12820057401,1.28201e+10,0.999999,1.04095
330935481852,12986849911,1.29869e+10,0.999999,1.04092
335418232954,13155802127,1.31558e+10,0.999999,1.0409
339961706034,13326956921,1.3327e+10,0.999999,1.04088
344566723616,13500338182,1.35004e+10,0.999998,1.04085
349234119360,13675992557,1.3676e+10,0.999999,1.04083
353964738224,13853930211,1.3854e+10,0.999999,1.04081
358759436609,14034182022,1.40342e+10,0.999998,1.04079
363619082515,14216786460,1.42168e+10,0.999998,1.04076
368544555702,14401771875,1.44018e+10,0.999998,1.04074
373536747847,14589177088,1.45892e+10,0.999999,1.04072
378596562704,14779010303,1.4779e+10,0.999998,1.0407
383724916270,14971325248,1.49714e+10,0.999998,1.04068
388922736950,15166141800,1.51662e+10,0.999998,1.04065
394190965722,15363504732,1.53635e+10,0.999998,1.04063
399530556315,15563433841,1.55635e+10,0.999998,1.04061
404942475374,15765971574,1.5766e+10,0.999998,1.04059
410427702637,15971156529,1.59712e+10,0.999998,1.04056
415987231116,16179009407,1.6179e+10,0.999998,1.04054
421622067272,16389576882,1.63896e+10,0.999998,1.04052
427333231200,16602884221,1.66029e+10,0.999998,1.0405
433121756813,16818984750,1.6819e+10,0.999999,1.04048
438988692028,17037892038,1.70379e+10,0.999999,1.04045
444935098958,17259651894,1.72597e+10,0.999999,1.04043
450962054103,17484304424,1.74843e+10,0.999999,1.04041
457070648543,17711881405,1.77119e+10,0.999999,1.04039
463261988141,17942427077,1.79425e+10,0.999998,1.04036
469537193737,18175983510,1.8176e+10,0.999999,1.04034
475897401354,18412582587,1.84126e+10,0.999999,1.04032
482343762404,18652260570,1.86523e+10,0.999998,1.0403
488877443894,18895067883,1.88951e+10,0.999998,1.04028
495499628640,19141051168,1.91411e+10,0.999999,1.04026
502211515482,19390227019,1.93903e+10,0.999998,1.04023
509014319495,19642660573,1.96427e+10,0.999998,1.04021
515909272217,19898386333,1.98984e+10,0.999998,1.04019
522897621866,20157443010,2.01575e+10,0.999998,1.04017
529980633567,20419888168,2.04199e+10,0.999999,1.04015
537159589585,20685756305,2.06858e+10,0.999999,1.04013
544435789551,20955075673,2.09551e+10,0.999999,1.0401
551810550702,21227912333,2.12279e+10,0.999999,1.04008
559285208119,21504311360,2.15043e+10,0.999999,1.04006
566861114966,21784312655,2.17843e+10,0.999999,1.04004
574539642736,22067965217,2.2068e+10,0.999999,1.04002
582322181501,22355321255,2.23553e+10,0.999999,1.03999
590210140162,22646409998,2.26464e+10,0.999999,1.03997
598204946706,22941305638,2.29413e+10,0.999999,1.03995
606308048461,23240054392,2.32401e+10,0.999999,1.03993
614520912361,23542687307,2.35427e+10,0.999998,1.03991
622845025210,23849271985,2.38493e+10,0.999998,1.03989
631281893953,24159856639,2.41599e+10,0.999998,1.03986
639833045946,24474496468,2.44745e+10,0.999998,1.03984
648500029237,24793240820,2.47933e+10,0.999999,1.03982
657284412839,25116142337,2.51162e+10,0.999999,1.0398
666187787023,25443252216,2.54433e+10,0.999999,1.03978
675211763598,25774635254,2.57747e+10,0.999999,1.03976
684357976207,26110331558,2.61104e+10,0.999999,1.03974
693628080623,26450416030,2.64505e+10,0.999999,1.03972
703023755045,26794934345,2.6795e+10,0.999999,1.03969
712546700408,27143933508,2.7144e+10,0.999998,1.03967
722198640684,27497499188,2.74975e+10,0.999998,1.03965
731981323199,27855683123,2.78557e+10,0.999998,1.03963
741896518948,28218540161,2.82186e+10,0.999999,1.03961
751946022914,28586137509,2.85862e+10,0.999999,1.03959
762131654396,28958516954,2.89585e+10,0.999999,1.03957
772455257335,29335761925,2.93358e+10,0.999999,1.03955
782918700651,29717927624,2.97179e+10,0.999999,1.03953
793523878579,30105064551,3.01051e+10,0.999999,1.0395
804272711013,30497258576,3.04973e+10,0.999999,1.03948
815167143852,30894585681,3.08946e+10,0.999999,1.03946
826209149355,31297091188,3.12971e+10,0.999999,1.03944
837400726498,31704840505,3.17049e+10,0.999999,1.03942
848743901330,32117911473,3.21179e+10,0.999999,1.0394
860240727350,32536382171,3.25364e+10,0.999999,1.03938
871893285868,32960306434,3.29603e+10,0.999999,1.03936
883703686390,33389763676,3.33898e+10,0.999999,1.03934
895674066995,33824816799,3.38249e+10,0.999999,1.03931
907806594725,34265557041,3.42656e+10,0.999999,1.03929
920103465974,34712055673,3.47121e+10,0.999999,1.03927
932566906892,35164370825,3.51644e+10,0.999999,1.03925
945199173778,35622599774,3.56226e+10,0.999999,1.03923
958002553499,36086808129,3.60868e+10,0.999999,1.03921
970979363897,36557062409,3.65571e+10,0.999999,1.03919
984131954210,37033459744,3.70335e+10,0.999999,1.03917
997462705501,37516079919,3.75161e+10,0.999999,1.03915
1010974031082,38004991941,3.8005e+10,0.999999,1.03913
1024668376958,38500283044,3.85003e+10,0.999999,1.03911
1038548222267,39002039398,3.90021e+10,0.999999,1.03909
1052616079728,39510360647,3.95104e+10,0.999999,1.03907
1066874496094,40025313313,4.00254e+10,0.999999,1.03905
1081326052620,40546986999,4.0547e+10,0.999999,1.03903
1095973365523,41075470012,4.10755e+10,0.999999,1.039
1110819086459,41610836023,4.16109e+10,0.999999,1.03898
1125865903003,42153199867,4.21533e+10,0.999999,1.03896
1141116539135,42702650086,4.27027e+10,0.999999,1.03894
1156573755732,43259289908,4.32593e+10,0.999999,1.03892
1172240351070,43823178829,4.38232e+10,0.999999,1.0389
1188119161331,44394407653,4.43945e+10,0.999999,1.03888
1204213061113,44973124055,4.49732e+10,0.999999,1.03886
1220524963952,45559387589,4.55594e+10,0.999999,1.03884
1237057822852,46153303795,4.61533e+10,0.999999,1.03882
1253814630816,46754973562,4.6755e+10,0.999999,1.0388
1270798421390,47364497429,4.73645e+10,0.999999,1.03878
1288012269211,47981981264,4.7982e+10,0.999999,1.03876
1305459290564,48607513818,4.86076e+10,0.999999,1.03874
1323142643947,49241224517,4.92413e+10,0.999999,1.03872
1341065530642,49883224763,4.98833e+10,0.999999,1.0387
1359231195293,50533577338,5.05336e+10,0.999999,1.03868
1377642926497,51192460808,5.11925e+10,0.999999,1.03866
1396304057397,51859926366,5.186e+10,0.999999,1.03864
1415217966284,52536106314,5.25362e+10,0.999999,1.03862
1434388077211,53221122709,5.32212e+10,0.999999,1.0386
1453817860615,53915091944,5.39151e+10,0.999999,1.03858
1473510833939,54618097841,5.46181e+10,0.999999,1.03856
1493470562272,55330300653,5.53303e+10,0.999999,1.03854
1513700658998,56051805232,5.60518e+10,0.999999,1.03852
1534204786445,56782727822,5.67828e+10,0.999999,1.0385
1554986656547,57523196856,5.75232e+10,0.999999,1.03848
1576050031524,58273332093,5.82734e+10,0.999999,1.03846
1597398724553,59033262576,5.90333e+10,0.999999,1.03844
1619036600468,59803119787,5.98032e+10,0.999999,1.03842
1640967576449,60583032858,6.05831e+10,0.999999,1.0384
1663195622742,61373137157,6.13732e+10,0.999999,1.03838
1685724763371,62173560260,6.21736e+10,0.999999,1.03836
1708559076868,62984448096,6.29845e+10,0.999999,1.03834
1731702697010,63805917698,6.3806e+10,0.999999,1.03832
1755159813572,64638103460,6.46382e+10,0.999999,1.0383
1778934673081,65481187848,6.54812e+10,0.999999,1.03828
1803031579585,66335284759,6.63353e+10,0.999999,1.03826
1827454895435,67200526905,6.72006e+10,0.999999,1.03824
1852209042072,68077073870,6.80771e+10,0.999999,1.03822
1877298500830,68965066278,6.89651e+10,0.999999,1.0382
1902727813744,69864650510,6.98647e+10,0.999999,1.03818
1928501584374,70775978220,7.0776e+10,0.999999,1.03816
1954624478640,71699234801,7.16993e+10,0.999999,1.03814
1981101225665,72634540720,7.26346e+10,0.999999,1.03812
2007936618629,73582084769,7.35821e+10,0.999999,1.0381
2035135515642,74542000996,7.4542e+10,0.999999,1.03808
2062702840618,75514459809,7.55145e+10,1,1.03806
2090643584170,76499613243,7.64996e+10,1,1.03804
2118962804512,77497614852,7.74977e+10,0.999999,1.03802
2147665628375,78508695423,7.85087e+10,0.999999,1.038
2176757251936,79532955451,7.9533e+10,0.999999,1.03798
2206242941757,80570600850,8.05707e+10,0.999999,1.03796
2236128035739,81621814815,8.16219e+10,0.999999,1.03795
2266417944089,82686772191,8.26868e+10,0.999999,1.03793
2297118150299,83765641228,8.37657e+10,0.999999,1.03791
2328234212139,84858593291,8.48587e+10,0.999999,1.03789
2359771762662,85965840400,8.59659e+10,0.999999,1.03787
2391736511226,87087564402,8.70876e+10,0.999999,1.03785
2424134244524,88223943025,8.8224e+10,0.999999,1.03783
2456970827636,89375159211,8.93752e+10,0.999999,1.03781
2490252205088,90541434370,9.05415e+10,0.999999,1.03779
2523984401928,91722946470,9.1723e+10,0.999999,1.03777
2558173524818,92919885648,9.29199e+10,0.999999,1.03775
2592825763139,94132469490,9.41325e+10,0.999999,1.03773
2627947390111,95360902938,9.5361e+10,0.999999,1.03771
2663544763930,96605392287,9.66055e+10,0.999999,1.03769
2699624328917,97866152703,9.78662e+10,0.999999,1.03768
2736192616688,99143380983,9.91435e+10,0.999999,1.03766
2773256247331,100437326335,1.00437e+11,0.999999,1.03764
2810821930611,101748150953,1.01748e+11,0.999999,1.03762
2848896467178,103076105654,1.03076e+11,0.999999,1.0376
2887486749806,104421454373,1.04422e+11,0.999999,1.03758
2926599764631,105784359000,1.05784e+11,0.999999,1.03756
2966242592426,107165089025,1.07165e+11,0.999999,1.03754
3006422409875,108563843513,1.08564e+11,0.999999,1.03752
3047146490876,109980905170,1.09981e+11,0.999999,1.0375
3088422207858,111416487932,1.11417e+11,0.999999,1.03748
3130257033113,112870818961,1.12871e+11,0.999999,1.03747
3172658540151,114344190116,1.14344e+11,0.999999,1.03745
3215634405071,115836813615,1.15837e+11,1,1.03743
3259192407949,117348942544,1.17349e+11,1,1.03741
3303340434249,118880827856,1.18881e+11,0.999999,1.03739
3348086476248,120432744575,1.20433e+11,0.999999,1.03737
3393438634484,122004954417,1.22005e+11,0.999999,1.03735
3439405119224,123597721107,1.23598e+11,1,1.03733
3485994251946,125211303541,1.25211e+11,1,1.03732
3533214466850,126845981621,1.26846e+11,1,1.0373
3581074312383,128502037447,1.28502e+11,1,1.03728
3629582452786,130179718408,1.3018e+11,0.999999,1.03726
3678747669664,131879353111,1.31879e+11,0.999999,1.03724
3728578863574,133601209340,1.33601e+11,0.999999,1.03722
3779085055638,135345564305,1.35346e+11,0.999999,1.0372
3830275389176,137112764656,1.37113e+11,0.999999,1.03718
3882159131359,138903041667,1.38903e+11,0.999999,1.03717
3934745674888,140716750482,1.40717e+11,0.999999,1.03715
3988044539698,142554174440,1.42554e+11,1,1.03713
4042065374674,144415592365,1.44416e+11,0.999999,1.03711
4096817959404,146301337299,1.46301e+11,0.999999,1.03709
4152312205947,148211796375,1.48212e+11,0.999999,1.03707
4208558160628,150147198708,1.50147e+11,0.999999,1.03705
4265566005856,152107941825,1.52108e+11,0.999999,1.03704
4323346061968,154094299828,1.54094e+11,0.999999,1.03702
4381908789097,156106653891,1.56107e+11,1,1.037
4441264789066,158145333884,1.58145e+11,1,1.03698
4501424807307,160210647564,1.60211e+11,1,1.03696
4562399734806,162302946722,1.62303e+11,0.999999,1.03694
4624200610076,164422634248,1.64423e+11,0.999999,1.03692
4686838621153,166570059223,1.6657e+11,1,1.03691
4750325107623,168745556751,1.68746e+11,1,1.03689
4814671562675,170949500256,1.7095e+11,1,1.03687
4879889635182,173182280667,1.73182e+11,1,1.03685
4945991131807,175444254426,1.75444e+11,1,1.03683
5012988019145,177735821748,1.77736e+11,1,1.03681
5080892425884,180057359217,1.80057e+11,1,1.0368
5149716645006,182409264335,1.82409e+11,1,1.03678
5219473136009,184791930092,1.84792e+11,1,1.03676
5290174527163,187205749968,1.87206e+11,1,1.03674
5361833617798,189651140012,1.89651e+11,1,1.03672
5434463380618,192128502741,1.92129e+11,0.999999,1.0367
5508076964054,194638310615,1.94638e+11,1,1.03669
5582687694638,197180928861,1.97181e+11,1,1.03667
5658309079422,199756814012,1.99757e+11,1,1.03665
5734954808420,202366390921,2.02366e+11,0.999999,1.03663
5812638757086,205010096760,2.0501e+11,0.999999,1.03661
5891374988827,207688418462,2.07689e+11,1,1.0366
5971177757549,210401753993,2.10402e+11,1,1.03658
6052061510235,213150580412,2.13151e+11,0.999999,1.03656
6134040889566,215935365799,2.15935e+11,0.999999,1.03654
6217130736565,218756615444,2.18757e+11,0.999999,1.03652
6301346093290,221614782896,2.21615e+11,1,1.03651
6386702205551,224510301327,2.2451e+11,1,1.03649
6473214525674,227443739468,2.27444e+11,1,1.03647
6560898715300,230415532454,2.30416e+11,1,1.03645
6649770648215,233426236643,2.33426e+11,1,1.03643
6739846413226,236476301506,2.36476e+11,1,1.03642
6831142317078,239566262018,2.39566e+11,1,1.0364
6923674887397,242696652211,2.42697e+11,1,1.03638
7017460875692,245868018469,2.45868e+11,1,1.03636
7112517260379,249080911466,2.49081e+11,1,1.03634
7208861249861,252335829695,2.52336e+11,1,1.03633
7306510285639,255633306844,2.55633e+11,1,1.03631
7405482045473,258973931125,2.58974e+11,1,1.03629
7505794446579,262358297674,2.62358e+11,1,1.03627
7607465648876,265786943035,2.65787e+11,1,1.03626
7710514058268,269260485485,2.69261e+11,1,1.03624
7814958329984,272779460426,2.7278e+11,1,1.03622
7920817371950,276344487447,2.76345e+11,1,1.0362
8028110348210,279956167902,2.79956e+11,1,1.03619
8136856682403,283615095011,2.83615e+11,1,1.03617
8247076061270,287321887391,2.87322e+11,1,1.03615
8358788438227,291077234312,2.91077e+11,1,1.03613
8472014036970,294881712833,2.94882e+11,1,1.03611
8586773355139,298735994704,2.98736e+11,1,1.0361
8703087168030,302640727668,3.02641e+11,1,1.03608
8820976532355,306596547671,3.06597e+11,1,1.03606
8940462790053,310604139975,3.10604e+11,1,1.03604
9061567572154,314664215483,3.14664e+11,1,1.03603
9184312802696,318777404893,3.18778e+11,1,1.03601
9308720702694,322944445246,3.22945e+11,1,1.03599
9434813794160,327166038953,3.27166e+11,1,1.03597
9562614904185,331442850787,3.31443e+11,1,1.03596
9692147169067,335775647110,3.35776e+11,1,1.03594
9823434038501,340165172514,3.40165e+11,1,1.03592
9956499279826,344612185345,3.44612e+11,1,1.0359
10091366982326,349117378250,3.49118e+11,1,1.03589
10228061561588,353681503105,3.53682e+11,0.999999,1.03587
10366607763929,358305450897,3.58306e+11,1,1.03585
10507030670870,362989908249,3.6299e+11,1,1.03584
10649355703679,367735677879,3.67736e+11,1,1.03582
10793608627973,372543601830,3.72544e+11,1,1.0358
10939815558383,377414461067,3.77415e+11,1,1.03578
11088002963278,382349088790,3.82349e+11,1,1.03577
11238197669563,387348366878,3.87348e+11,1,1.03575
11390426867530,392413041106,3.92413e+11,1,1.03573
11544718115782,397543994326,3.97544e+11,1,1.03571
11701099346224,402742166624,4.02742e+11,1,1.0357
11859598869117,408008347089,4.08008e+11,1,1.03568
12020245378205,413343525735,4.13344e+11,1,1.03566
12183067955907,418748568715,4.18749e+11,1,1.03565
12348096078586,424224317672,4.24224e+11,1,1.03563
12515359621880,429771785198,4.29772e+11,1,1.03561
12684888866117,435391851532,4.35392e+11,1,1.03559
12856714501789,441085563104,4.41086e+11,1,1.03558
13030867635116,446853824090,4.46854e+11,1,1.03556
13207379793669,452697616817,4.52698e+11,1,1.03554
13386282932085,458617918304,4.58618e+11,1,1.03553
13567609437849,464615802825,4.64616e+11,1,1.03551
13751392137155,470692157053,4.70692e+11,1,1.03549
13937664300852,476848072358,4.76848e+11,1,1.03547
14126459650466,483084617366,4.83085e+11,1,1.03546
14317812364302,489402824452,4.89403e+11,1,1.03544
14511757083637,495803848241,4.95804e+11,1,1.03542
14708328918986,502288638271,5.02289e+11,1,1.03541
14907563456463,508858405860,5.08859e+11,1,1.03539
15109496764218,515514122812,5.15514e+11,1,1.03537
15314165398969,522257050265,5.22257e+11,1,1.03536
15521606412623,529088289680,5.29088e+11,1,1.03534
15731857358977,536008983706,5.36009e+11,1,1.03532
15944956300525,543020290791,5.4302e+11,1,1.03531
16160941815339,550123467589,5.50124e+11,1,1.03529
16379853004060,557319719436,5.5732e+11,1,1.03527
16601729496976,564610166307,5.6461e+11,1,1.03526
16826611461193,571996131001,5.71996e+11,1,1.03524
17054539607907,579478807435,5.79479e+11,1,1.03522
17285555199779,587059519976,5.8706e+11,1,1.03521
17519700058397,594739485569,5.9474e+11,1,1.03519
17757016571857,602520089599,6.0252e+11,1,1.03517
17997547702425,610402601666,6.10403e+11,1,1.03516
18241336994326,618388387197,6.18389e+11,1,1.03514
18488428581619,626478773691,6.26479e+11,1,1.03512
18738867196191,634675073381,6.34675e+11,1,1.03511
18992698175851,642978799960,6.42979e+11,1,1.03509
19249967472543,651391309773,6.51391e+11,1,1.03507
19510721660660,659913981351,6.59914e+11,1,1.03506
19775007945479,668548297426,6.68548e+11,1,1.03504
20042874171705,677295762552,6.77296e+11,1,1.03502
20314368832131,686157779501,6.86158e+11,1,1.03501
20589541076422,695135997940,6.95136e+11,1,1.03499
20868440720006,704231760863,7.04232e+11,1,1.03497
21151118253097,713446757395,7.13447e+11,1,1.03496
21437624849834,722782371620,7.22783e+11,1,1.03494
21728012377546,732240370857,7.3224e+11,1,1.03492
22022333406139,741822192513,7.41822e+11,1,1.03491
22320641217617,751529634902,7.5153e+11,1,1.03489
22622989815726,761364270295,7.61364e+11,1,1.03487
22929433935728,771327776874,7.71328e+11,1,1.03486
23240029054313,781421759652,7.81422e+11,1,1.03484
23554831399643,791648002345,7.91648e+11,1,1.03482
23873897961528,802008331852,8.02009e+11,1,1.03481
24197286501744,812504358520,8.12505e+11,1,1.03479
24525055564492,823137980764,8.23138e+11,1,1.03478
24857264486994,833910824456,8.33911e+11,1,1.03476
25193973410236,844824936195,8.44825e+11,1,1.03474
25535243289855,855882006552,8.55882e+11,1,1.03473
25881135907177,867084022542,8.67084e+11,1,1.03471
26231713880394,878432744584,8.78433e+11,1,1.03469
26587040675910,889930231894,8.8993e+11,1,1.03468
26947180619823,901578393000,9.01579e+11,1,1.03466
27312198909573,913379217065,9.13379e+11,1,1.03465
27682161625746,925334624002,9.25335e+11,1,1.03463
28057135744032,937446798649,9.37447e+11,1,1.03461
28437189147357,949717683463,9.49718e+11,1,1.0346
28822390638166,962149357013,9.6215e+11,1,1.03458
29212809950883,974743985776,9.74744e+11,1,1.03456
29608517764532,987503676382,9.87504e+11,1,1.03455
30009585715533,1000430571446,1.00043e+12,1,1.03453
30416086410672,1013526901262,1.01353e+12,1,1.03452
30828093440244,1026794859926,1.0268e+12,1,1.0345
31245681391376,1040236724241,1.04024e+12,1,1.03448
31668925861529,1053854767330,1.05385e+12,1,1.03447
32097903472184,1067651331839,1.06765e+12,1,1.03445
32532691882715,1081628730957,1.08163e+12,1,1.03444
32973369804444,1095789302395,1.09579e+12,1,1.03442
33420017014893,1110135529687,1.11014e+12,1,1.0344
33872714372227,1124669772866,1.12467e+12,1,1.03439
34331543829891,1139394517502,1.13939e+12,1,1.03437
34796588451444,1154312307145,1.15431e+12,1,1.03436
35267932425601,1169425595291,1.16943e+12,1,1.03434
35745661081472,1184737028299,1.18474e+12,1,1.03432
36229860904007,1200249147630,1.20025e+12,1,1.03431
36720619549657,1215964771835,1.21597e+12,1,1.03429
37218025862239,1231886355624,1.23189e+12,1,1.03428
37722169889021,1248016641101,1.24802e+12,1,1.03426
38233142897026,1264358366293,1.26436e+12,1,1.03425
38751037389549,1280914271363,1.28091e+12,1,1.03423
39275947122910,1297687273957,1.29769e+12,1,1.03421
39807967123421,1314680145730,1.31468e+12,1,1.0342
40347193704592,1331895898460,1.3319e+12,1,1.03418
40893724484566,1349337243670,1.34934e+12,1,1.03417
41447658403794,1367007243060,1.36701e+12,1,1.03415
42009095742940,1384909059648,1.38491e+12,1,1.03414
42578138141044,1403045454480,1.40305e+12,1,1.03412
43154888613914,1421419669103,1.42142e+12,1,1.0341
43739451572779,1440034839125,1.44004e+12,1,1.03409
44331932843193,1458894044549,1.45889e+12,1,1.03407
44932439684188,1478000538201,1.478e+12,1,1.03406
45541080807696,1497357490634,1.49736e+12,1,1.03404
46157966398227,1516968283309,1.51697e+12,1,1.03403
46783208132816,1536836270729,1.53684e+12,1,1.03401
47416919201242,1556964738362,1.55697e+12,1,1.03399
48059214326519,1577357259984,1.57736e+12,1,1.03398
48710209785661,1598017133478,1.59802e+12,1,1.03396
49370023430739,1618947802140,1.61895e+12,1,1.03395
50038774710209,1640152998027,1.64015e+12,1,1.03393
50716584690540,1661636383788,1.66164e+12,1,1.03392
51403576078132,1683401399963,1.6834e+12,1,1.0339
52099873241528,1705451813517,1.70545e+12,1,1.03389
52805602233926,1727791413711,1.72779e+12,1,1.03387
53520890816008,1750423984936,1.75042e+12,1,1.03385
54245868479059,1773353331249,1.77335e+12,1,1.03384
54980666468414,1796583391709,1.79658e+12,1,1.03382
55725417807219,1820118208016,1.82012e+12,1,1.03381
56480257320509,1843961527428,1.84396e+12,1,1.03379
57245321659618,1868117661478,1.86812e+12,1,1.03378
58020749326920,1892590579096,1.89259e+12,1,1.03376
58806680700897,1917384505151,1.91738e+12,1,1.03375
59603258061555,1942503661216,1.9425e+12,1,1.03373
60410625616184,1967952198200,1.96795e+12,1,1.03372
61228929525459,1993734571452,1.99373e+12,1,1.0337
62058317929906,2019855026462,2.01986e+12,1,1.03369
62898940976715,2046318235928,2.04632e+12,1,1.03367
63750950846924,2073128413179,2.07313e+12,1,1.03365
64614501782972,2100290307732,2.10029e+12,1,1.03364
65489750116615,2127808480660,2.12781e+12,1,1.03362
66376854297233,2155687605375,2.15569e+12,1,1.03361
67275974920515,2183932433020,2.18393e+12,1,1.03359
68187274757526,2212547674979,2.21255e+12,1,1.03358
69110918784182,2241538459406,2.24154e+12,1,1.03356
70047074211110,2270909465583,2.27091e+12,1,1.03355
70995910513923,2300665737574,2.30067e+12,1,1.03353
71957599463897,2330812456601,2.33081e+12,1,1.03352
72932315159071,2361354471487,2.36135e+12,1,1.0335
73920234055762,2392297119087,2.3923e+12,1,1.03349
74921535000512,2423645822998,2.42365e+12,1,1.03347
75936399262461,2455405752407,2.45541e+12,1,1.03346
76965010566167,2487582418077,2.48758e+12,1,1.03344
78007555124866,2520181171715,2.52018e+12,1,1.03343
79064221674179,2553207609820,2.55321e+12,1,1.03341
80135201506284,2586667361279,2.58667e+12,1,1.0334
81220688504545,2620566159501,2.62057e+12,1,1.03338
82320879178609,2654909550373,2.65491e+12,1,1.03337
83435972699985,2689703569830,2.6897e+12,1,1.03335
84566170938096,2724954001985,2.72495e+12,1,1.03334
85711678496828,2760667122433,2.76067e+12,1,1.03332
86872702751570,2796848798376,2.79685e+12,1,1.03331
88049453886753,2833505182676,2.83351e+12,1,1.03329
89242144933902,2870642542472,2.87064e+12,1,1.03328
90450991810204,2908267314210,2.90827e+12,1,1.03326
91676213357591,2946385623653,2.94639e+12,1,1.03325
92918031382366,2985004164938,2.985e+12,1,1.03323
94176670695348,3024129481830,3.02413e+12,1,1.03322
95452359152577,3063768050958,3.06377e+12,1,1.0332
96745327696561,3103926886209,3.10393e+12,1,1.03319
98055810398085,3144612668266,3.14461e+12,1,1.03317
99384044498584,3185832376138,3.18583e+12,1,1.03316
100730270453096,3227592918117,3.22759e+12,1,1.03314
102094731973787,3269901523318,3.2699e+12,1,1.03313
103477676074074,3312765339125,3.31277e+12,1,1.03311
104879353113345,3356191655530,3.35619e+12,1,1.0331
106300016842276,3400187962491,3.40019e+12,1,1.03308
107739924448775,3444761627402,3.44476e+12,1,1.03307
109199336604537,3489920136234,3.48992e+12,1,1.03305
110678517512239,3535671426549,3.53567e+12,1,1.03304
112177734953364,3582023181417,3.58202e+12,1,1.03303
113697260336684,3628983151435,3.62898e+12,1,1.03301
115237368747389,3676559483605,3.67656e+12,1,1.033
116798338996890,3724760402078,3.72476e+12,1,1.03298
118380453673292,3773593652671,3.77359e+12,1,1.03297
119983999192555,3823067930435,3.82307e+12,1,1.03295
121609265850337,3873191603548,3.87319e+12,1,1.03294
123256547874557,3923973102345,3.92397e+12,1,1.03292
124926143478655,3975421263935,3.97542e+12,1,1.03291
126618354915577,4027544632529,4.02755e+12,1,1.03289
128333488532496,4080352223435,4.08035e+12,1,1.03288
130071854826272,4133852872574,4.13385e+12,1,1.03286
131833768499659,4188055949986,4.18806e+12,1,1.03285
133619548518280,4242970333916,4.24297e+12,1,1.03283
135429518168369,4298605655334,4.29861e+12,1,1.03282
137264005115294,4354971260081,4.35497e+12,1,1.03281
139123341462881,4412076791044,4.41208e+12,1,1.03279
141007863813533,4469931982525,4.46993e+12,1,1.03278
142917913329164,4528546565194,4.52855e+12,1,1.03276
144853835792967,4587930578365,4.58793e+12,1,1.03275
146815981672005,4648094103033,4.64809e+12,1,1.03273
148804706180665,4709047500087,4.70905e+12,1,1.03272
150820369344955,4770801174429,4.7708e+12,1,1.0327
152863336067688,4833365460070,4.83337e+12,1,1.03269
154933976194539,4896751341186,4.89675e+12,1,1.03268
157032664581001,4960969133275,4.96097e+12,1,1.03266
159159781160242,5026030121781,5.02603e+12,1,1.03265
161315711011895,5091945215522,5.09195e+12,1,1.03263
163500844431755,5158725647836,5.15873e+12,1,1.03262
165715577002452,5226382993194,5.22638e+12,1,1.0326
167960309665055,5294928691742,5.29493e+12,1,1.03259
170235448791659,5364374121919,5.36437e+12,1,1.03258
172541406258952,5434731575319,5.43473e+12,1,1.03256
174878599522777,5506012648426,5.50601e+12,1,1.03255
177247451693707,5578229646123,5.57823e+12,1,1.03253
179648391613640,5651394907469,5.6514e+12,1,1.03252
182081853933440,5725520661206,5.72552e+12,1,1.0325
184548279191614,5800619980488,5.80062e+12,1,1.03249
187048113894072,5876705271179,5.87671e+12,1,1.03248
189581810594957,5953789468200,5.95379e+12,1,1.03246
192149827978572,6031886102953,6.03189e+12,1,1.03245
194752630942416,6111008224718,6.11101e+12,1,1.03243
197390690681349,6191169335826,6.19117e+12,1,1.03242
200064484772895,6272382917974,6.27238e+12,1,1.0324
202774497263694,6354663075758,6.35466e+12,1,1.03239
205521218757136,6438023784413,6.43802e+12,1,1.03238
208305146502176,6522479047769,6.52248e+12,1,1.03236
211126784483347,6608043369866,6.60804e+12,1,1.03235
213986643512007,6694731550208,6.69473e+12,1,1.03233
216885241318809,6782558042586,6.78256e+12,1,1.03232
219823102647426,6871537972036,6.87154e+12,1,1.03231
222800759349547,6961686513710,6.96169e+12,1,1.03229
225818750481169,7053018900744,7.05302e+12,1,1.03228
228877622400167,7145550750218,7.14555e+12,1,1.03226
231977928865220,7239297732442,7.2393e+12,1,1.03225
235120231136050,7334276269487,7.33428e+12,1,1.03224
238305098075035,7430501996437,7.4305e+12,1,1.03222
241533106250187,7527991698749,7.52799e+12,1,1.03221
244804840039532,7626761578665,7.62676e+12,1,1.03219
248120891736906,7726828863430,7.72683e+12,1,1.03218
251481861659171,7828210537117,7.82821e+12,1,1.03217
254888358254903,7930923749397,7.93092e+12,1,1.03215
258340998214534,8034985912076,8.03499e+12,1,1.03214
261840406581999,8140415031109,8.14042e+12,1,1.03212
265387216867886,8247228992473,8.24723e+12,1,1.03211
268982071164124,8355445889812,8.35545e+12,1,1.0321
272625620260223,8465084311774,8.46508e+12,1,1.03208
276318523761090,8576162977132,8.57616e+12,1,1.03207
280061450206439,8688700458478,8.6887e+12,1,1.03205
283855077191820,8802716524621,8.80272e+12,1,1.03204
287700091491283,8918230283884,8.91823e+12,1,1.03203
291597189181715,9035261393024,9.03526e+12,1,1.03201
295547075768838,9153829781921,9.15383e+12,1,1.032
299550466314951,9273955876547,9.27396e+12,1,1.03199
303608085568361,9395659898664,9.39566e+12,1,1.03197
307720668094599,9518962818033,9.51896e+12,1,1.03196
311888958409393,9643885343361,9.64389e+12,1,1.03194
316113711113461,9770449220672,9.77045e+12,1,1.03193
320395691029100,9898675791479,9.89868e+12,1,1.03192
324735673338667,10028586950918,1.00286e+13,1,1.0319
329134443724899,10160204664792,1.01602e+13,1,1.03189
333592798513152,10293551701703,1.02936e+13,1,1.03187
338111544815563,10428650567992,1.04287e+13,1,1.03186
342691500677162,10565524453108,1.05655e+13,1,1.03185
347333495223972,10704196539327,1.07042e+13,1,1.03183
352038368813096,10844690601012,1.08447e+13,1,1.03182
356806973184866,10987030556953,1.0987e+13,1,1.03181
361640171617026,11131240821188,1.11312e+13,1,1.03179
366538839081015,11277345944939,1.12773e+13,1,1.03178
371503862400372,11425370610359,1.14254e+13,1,1.03177
376536140411275,11575340285136,1.15753e+13,1,1.03175
381636584125261,11727280457715,1.17273e+13,1,1.03174
386806116894155,11881216927523,1.18812e+13,1,1.03172
392045674577221,12037176190771,1.20372e+13,1,1.03171
397356205710591,12195184719209,1.21952e+13,1,1.0317
402738671678974,12355269508200,1.23553e+13,1,1.03168
408194046889708,12517457714774,1.25175e+13,1,1.03167
413723318949147,12681777357985,1.26818e+13,1,1.03166
419327488841468,12848256131107,1.28483e+13,1,1.03164
425007571109871,13016922713016,1.30169e+13,1,1.03163
430764594040249,13187805579177,1.31878e+13,1,1.03162
436599599847341,13360934023650,1.33609e+13,1,1.0316
442513644863416,13536337660984,1.35363e+13,1,1.03159
448507799729484,13714046385558,1.3714e+13,1,1.03158
454583149589143,13894090344676,1.38941e+13,1,1.03156
460740794285010,14076500372841,1.40765e+13,1,1.03155
466981848557838,14261307742377,1.42613e+13,1,1.03154
473307442248316,14448543800046,1.44485e+13,1,1.03152
479718720501612,14638240225729,1.46382e+13,1,1.03151
486216843974677,14830430086814,1.48304e+13,1,1.0315
492802989046372,15025145943487,1.50251e+13,1,1.03148
499478348030425,15222420717204,1.52224e+13,1,1.03147
506244129391283,15422288258841,1.54223e+13,1,1.03146
513101557962882,15624782757439,1.56248e+13,1,1.03144
520051875170388,15829938564803,1.58299e+13,1,1.03143
527096339254933,16037790745806,1.60378e+13,1,1.03142
534236225501393,16248374809283,1.62484e+13,1,1.0314
541472826469274,16461726914002,1.64617e+13,1,1.03139
548807452226692,16677883018648,1.66779e+13,1,1.03138
556241430587550,16896880379389,1.68969e+13,1,1.03136
563776107351910,17118756320087,1.71188e+13,1,1.03135
571412846549639,17343548521050,1.73435e+13,1,1.03134
579153030687320,17571295700758,1.75713e+13,1,1.03132
586998060998564,17802036645248,1.7802e+13,1,1.03131
594949357697659,18035810412804,1.80358e+13,1,1.0313
603008360236681,18272657365803,1.82727e+13,1,1.03128
611176527566093,18512617318544,1.85126e+13,1,1.03127
619455338398852,18755731704538,1.87557e+13,1,1.03126
627846291478098,19002041931555,1.9002e+13,1,1.03124
636350905848504,19251590116319,1.92516e+13,1,1.03123
644970721131253,19504418394656,1.95044e+13,1,1.03122
653707297802766,19760570785713,1.97606e+13,1,1.0312
662562217477205,20020090233872,2.00201e+13,1,1.03119
671537083192793,20283021426428,2.0283e+13,1,1.03118
680633519702017,20549409737211,2.05494e+13,1,1.03117
689853173765769,20819299499652,2.08193e+13,1,1.03115
699197714451462,21092737573017,2.10927e+13,1,1.03114
708668833435185,21369770456572,2.13698e+13,1,1.03113
718268245307959,21650445703021,2.16504e+13,1,1.03111
727997687886128,21934810863578,2.19348e+13,1,1.0311
737858922525970,22222914759596,2.22229e+13,1,1.03109
747853734442551,22514806448894,2.25148e+13,1,1.03107
757983933032923,22810535715481,2.28105e+13,1,1.03106
768251352203677,23110153007066,2.31102e+13,1,1.03105
778657850702940,23413709716776,2.34137e+13,1,1.03103
789205312456879,23721257622708,2.37213e+13,1,1.03102
799895646910754,24032849355331,2.40329e+13,1,1.03101
810730789374567,24348538251576,2.43485e+13,1,1.031
821712701373463,24668377605170,2.46684e+13,1,1.03098
832843371002798,24992422699952,2.49924e+13,1,1.03097
844124813288059,25320728385560,2.53207e+13,1,1.03096
855559070549665,25653351080708,2.56534e+13,1,1.03094
867148212772680,25990347189527,2.59903e+13,1,1.03093
878894337981537,26331774837498,2.63318e+13,1,1.03092
890799572619889,26677692043543,2.66777e+13,1,1.03091
902866071935540,27028157822729,2.70282e+13,1,1.03089
915096020370623,27383232336338,2.73832e+13,1,1.03088
927491631957056,27742975941186,2.7743e+13,1,1.03087
940055150717365,28107450353652,2.81075e+13,1,1.03085
952788851070908,28476717737168,2.84767e+13,1,1.03084
965695038245644,28850840725846,2.88508e+13,1,1.03083
978776048695444,29229884257629,2.92299e+13,1,1.03082
992034250523072,29613911657826,2.96139e+13,1,1.0308
1005472043908888,30002989683115,3.0003e+13,1,1.03079
1019091861545363,30397184878832,3.03972e+13,1,1.03078
1032896169077484,30796563833924,3.07966e+13,1,1.03076
1046887465549098,31201195532047,3.12012e+13,1,1.03075
1061068283855352,31611148168094,3.16111e+13,1,1.03074
1075441191201215,32026492506925,3.20265e+13,1,1.03073
1090008789566229,32447299373213,3.24473e+13,1,1.03071
1104773716175558,32873640696537,3.28736e+13,1,1.0307
1119738643977424,33305589034849,3.33056e+13,1,1.03069
1134906282126962,33743218796321,3.37432e+13,1,1.03068
1150279376476724,34186604503516,3.41866e+13,1,1.03066
1165860710073733,34635821538147,3.46358e+13,1,1.03065
1181653103663315,35090946709668,3.50909e+13,1,1.03064
1197659416199766,35552058675076,3.55521e+13,1,1.03062
1213882545363898,36019235036541,3.60192e+13,1,1.03061
1230325428087602,36492556914547,3.64926e+13,1,1.0306
1246991041085579,36972104431769,3.69721e+13,1,1.03059
1263882401394194,37457959314479,3.7458e+13,1,1.03057
1281002566917661,37950205256506,3.79502e+13,1,1.03056
1298354636981636,38448926155379,3.84489e+13,1,1.03055
1315941752894298,38954207011539,3.89542e+13,1,1.03054
1333767098515014,39466134636420,3.94661e+13,1,1.03052
1351833900830754,39984796198372,3.99848e+13,1,1.03051
1370145430540265,40510279623745,4.05103e+13,1,1.0305
1388705002646179,41042676275262,4.10427e+13,1,1.03049
1407515977055146,41582076005877,4.15821e+13,1,1.03047
1426581759186084,42128572155594,4.21286e+13,1,1.03046
1445905800586685,42682256994018,4.26823e+13,1,1.03045
1465491599558234,43243225623789,4.32432e+13,1,1.03044
1485342701788957,43811573449323,4.38116e+13,1,1.03042
1505462700995885,44387398376864,4.43874e+13,1,1.03041
1525855239575443,44970798528591,4.49708e+13,1,1.0304
1546524009262849,45561873893059,4.55619e+13,1,1.03039
1567472751800450,46160725642039,4.61607e+13,1,1.03037
1588705259615059,46767455709917,4.67675e+13,1,1.03036
1610225376504581,47382168119812,4.73822e+13,1,1.03035
1632036998333817,48004967972178,4.8005e+13,1,1.03034
1654144073739785,48635961321496,4.8636e+13,1,1.03032
1676550604846515,49275256640551,4.92753e+13,1,1.03031
1699260647989609,49922962998714,4.9923e+13,1,1.0303
1722278314450512,50579190929850,5.05792e+13,1,1.03029
1745607771200875,51244052990681,5.12441e+13,1,1.03027
1769253241656863,51917662809646,5.19177e+13,1,1.03026
1793219006443748,52600135049033,5.26001e+13,1,1.03025
1817509404170846,53291587628345,5.32916e+13,1,1.03024
1842128832216959,53992137652536,5.39921e+13,1,1.03023
1867081747526419,54701905610899,5.47019e+13,1,1.03021
1892372667415988,55421012807037,5.5421e+13,1,1.0302
1918006170392617,56149582298435,5.61496e+13,1,1.03019
1943986896982315,56887738186886,5.68877e+13,1,1.03018
1970319550570240,57635606625781,5.76356e+13,1,1.03016
1997008898252173,58393316221839,5.83933e+13,1,1.03015
2024059771697528,59160996408317,5.9161e+13,1,1.03014
2051477068024012,59938778003593,5.99388e+13,1,1.03013
2079265750684223,60726794951621,6.07268e+13,1,1.03011
2107430850364163,61525181341940,6.15252e+13,1,1.0301
2135977465893976,62334073798943,6.23341e+13,1,1.03009
2164910765170999,63153610666905,6.31536e+13,1,1.03008
2194235986095352,63983932644262,6.39839e+13,1,1.03007
2223958437518097,64825181154383,6.48252e+13,1,1.03005
2254083500202427,65677500079425,6.56775e+13,1,1.03004
2284616627797685,66541036524061,6.6541e+13,1,1.03003
2315563347826713,67415936578132,6.74159e+13,1,1.03002
2346929262686464,68302350790939,6.83024e+13,1,1.03001
2378720050662278,69200430541576,6.92004e+13,1,1.02999
2410941466955761,70110329796783,7.01103e+13,1,1.02998
2443599344726780,71032203949451,7.10322e+13,1,1.02997
2476699596149389,71966210276091,7.19662e+13,1,1.02996
2510248213482148,72912509376829,7.29125e+13,1,1.02994
2544251270152923,73871262847408,7.38713e+13,1,1.02993
2578714921858394,74842634562625,7.48426e+13,1,1.02992
2613645407678396,75826791169977,7.58268e+13,1,1.02991
2649049051205472,76823900970784,7.68239e+13,1,1.0299
2684932261689607,77834134284412,7.78341e+13,1,1.02988
2721301535198533,78857664156197,7.88577e+13,1,1.02987
2758163455793733,79894666421948,7.98947e+13,1,1.02986
2795524696722382,80945317756930,8.09453e+13,1,1.02985
2833392021625433,82009797641413,8.20098e+13,1,1.02984
2871772285762025,83088288788568,8.30883e+13,1,1.02982
2910672437250579,84180976134000,8.4181e+13,1,1.02981
2950099518326599,85288045512220,8.5288e+13,1,1.0298
2990060666617563,86409688010358,8.64097e+13,1,1.02979
3030563116435072,87546094398040,8.75461e+13,1,1.02978
3071614200084534,88697459658243,8.86975e+13,1,1.02976
3113221349192450,89863980760889,8.9864e+13,1,1.02975
3155392096051946,91045857211081,9.10459e+13,1,1.02974
3198134074986254,92243292077025,9.22433e+13,1,1.02973
3241455023730859,93456489262322,9.34565e+13,1,1.02972
3285362784834211,94685656003068,9.46857e+13,1,1.0297
3329865307077570,95931004918023,9.5931e+13,1,1.02969
3374970646913882,97192747534707,9.71927e+13,1,1.02968
3420686969926428,98471099969251,9.84711e+13,1,1.02967
3467022552306962,99766281690311,9.97663e+13,1,1.02966
3513985782354009,101078513753937,1.01079e+14,1,1.02965
3561585161991425,102408021206260,1.02408e+14,1,1.02963
3609829308307550,103755031928869,1.03755e+14,1,1.02962
3658726955115130,105119775801755,1.0512e+14,1,1.02961
3708286954532517,106502486281143,1.06502e+14,1,1.0296
3758518278586147,107903400842349,1.07903e+14,1,1.02959
3809430020834786,109322759481847,1.09323e+14,1,1.02957
3861031398015775,110760804749463,1.10761e+14,1,1.02956
3913331751713570,112217783063102,1.12218e+14,1,1.02955
3966340550050894,113693944132229,1.13694e+14,1,1.02954
4020067389402724,115189539827208,1.1519e+14,1,1.02953
4074521996133657,116704826547944,1.16705e+14,1,1.02952
4129714228358639,118240064939228,1.1824e+14,1,1.0295
4185654077727637,119795516673220,1.19796e+14,1,1.02949
4242351671234458,121371448583513,1.21371e+14,1,1.02948
4299817273050116,122968130884690,1.22968e+14,1,1.02947
4358061286380848,124585836121856,1.24586e+14,1,1.02946
4417094255351657,126224842304608,1.26225e+14,1,1.02945
4476926866914992,127885430007883,1.27885e+14,1,1.02943
4537569952785556,129567882376106,1.29568e+14,1,1.02942
4599034491401101,131272488285420,1.31272e+14,1,1.02941
4661331609910003,132999540134102,1.33e+14,1,1.0294
4724472586185485,134749333934177,1.34749e+14,1,1.02939
4788468850867512,136522167505692,1.36522e+14,1,1.02938
4853331989431976,138318346647093,1.38318e+14,1,1.02936
4919073744288090,140138178362671,1.40138e+14,1,1.02935
4985706016904163,141981974548357,1.41982e+14,1,1.02934
5053240869962181,143850050600080,1.4385e+14,1,1.02933
5121690529541482,145742726020707,1.45743e+14,1,1.02932
5191067387332207,147660325699610,1.4766e+14,1,1.02931
5261384002878531,149603178713176,1.49603e+14,1,1.02929
5332653105852384,151571617648428,1.51572e+14,1,1.02928
5404887598357950,153565978443191,1.53566e+14,1,1.02927
5478100557267379,155586603650652,1.55587e+14,1,1.02926
5552305236588167,157633839132174,1.57634e+14,1,1.02925
5627515069862487,159708036667117,1.59708e+14,1,1.02924
5703743672599241,161809549938446,1.6181e+14,1,1.02922
5781004844738841,163938740986382,1.63939e+14,1,1.02921
5859312573151484,166095972571598,1.66096e+14,1,1.0292
5938681034169242,168281616505891,1.68282e+14,1,1.02919
6019124596152511,170496045514519,1.70496e+14,1,1.02918
6100657822090961,172739638978243,1.7274e+14,1,1.02917
6183295472240206,175012782124307,1.75013e+14,1,1.02916
6267052506793804,177315864374970,1.77316e+14,1,1.02914
6351944088591458,179649279455084,1.79649e+14,1,1.02913
6437985585864097,182013428439412,1.82013e+14,1,1.02912
6525192575016074,184408715519411,1.84409e+14,1,1.02911
6613580843444801,186835551671237,1.86836e+14,1,1.0291
6703166392399125,189294352849847,1.89294e+14,1,1.02909
6793965439875872,191785539897651,1.91786e+14,1,1.02908
6885994423555908,194309540302090,1.9431e+14,1,1.02906
6979270003779911,196866787349630,1.96867e+14,1,1.02905
7073809066564481,199457717432040,1.99458e+14,1,1.02904
7169628726658962,202082775857214,2.02083e+14,1,1.02903
7266746330643958,204742411300695,2.04742e+14,1,1.02902
7365179460071536,207437081025320,2.07437e+14,1,1.02901
7464945934648105,210167246916101,2.10167e+14,1,1.029
7566063815460380,212933375649390,2.12933e+14,1,1.02898
7668551408245049,215735942343734,2.15736e+14,1,1.02897
7772427266702759,218575426851196,2.18575e+14,1,1.02896
7877710195856830,221452316160552,2.21452e+14,1,1.02895
7984419255457787,224367103208042,2.24367e+14,1,1.02894
8092573763433694,227320288029343,2.2732e+14,1,1.02893
8202193299387374,230312376699420,2.30312e+14,1,1.02892
8313297708140977,233343881166864,2.33344e+14,1,1.02891
8425907103328633,236415321720456,2.36415e+14,1,1.02889
8540041871037416,239527225757850,2.39527e+14,1,1.02888
8655722673498290,242680126437268,2.4268e+14,1,1.02887
8772970452826535,245874563338692,2.45875e+14,1,1.02886
8891806434812832,249111084064375,2.49111e+14,1,1.02885
9012252132765982,252390245943646,2.5239e+14,1,1.02884
9134329351407582,255712607383830,2.55713e+14,1,1.02883
9258060190819112,259078740632852,2.59079e+14,1,1.02882
9383467050443240,262489221127841,2.62489e+14,1,1.0288
9510572633138576,265944636083134,2.65945e+14,1,1.02879
9639399949289730,269445576425802,2.69446e+14,1,1.02878
9769972320972966,272992641896735,2.72993e+14,1,1.02877
9902313386178314,276586441788845,2.76586e+14,1,1.02876
10036447103088652,280227590903150,2.80228e+14,1,1.02875
10172397754417378,283916715386198,2.83917e+14,1,1.02874
10310189951803788,287654445811684,2.87654e+14,1,1.02873
10449848640269276,291441425629479,2.91441e+14,1,1.02872
10591399102732544,295278302589023,2.95278e+14,1,1.0287
10734866964587348,299165734333598,2.99166e+14,1,1.02869
10880278198340948,303104388638459,3.03104e+14,1,1.02868
11027659128316264,307094941135784,3.07095e+14,1,1.02867
11177036435417738,311138074253486,3.11138e+14,1,1.02866
11328437161960836,315234481754999,3.15234e+14,1,1.02865
11481888716568358,319384868468772,3.19385e+14,1,1.02864
11637418879131570,323589944959334,3.2359e+14,1,1.02863
11795055805840148,327850430829865,3.2785e+14,1,1.02862
11954828034278254,332167059441212,3.32167e+14,1,1.0286
12116764488592040,336540570297372,3.36541e+14,1,1.02859
12280894484725226,340971713407637,3.40972e+14,1,1.02858
12447247735726062,345461247165527,3.45461e+14,1,1.02857
12615854357127094,350009944484093,3.5001e+14,1,1.02856
12786744872396382,354618583050810,3.54619e+14,1,1.02855
12959950218463672,359287955534664,3.59288e+14,1,1.02854
13135501751320822,364018862105309,3.64019e+14,1,1.02853
13313431251698712,368812113115279,3.68812e+14,1,1.02852
13493770930819874,373668532104735,3.73669e+14,1,1.02851
13676553436230682,378588951007052,3.78589e+14,1,1.0285
13861811857710876,383574215239805,3.83574e+14,1,1.02848
14049579733264262,388625179698263,3.88625e+14,1,1.02847
14239891055190558,393742711750711,3.93743e+14,1,1.02846
14432780276238342,398927687875334,3.98928e+14,1,1.02845
14628282315843088,404180997780901,4.04181e+14,1,1.02844
14826432566447818,409503542501699,4.09504e+14,1,1.02843
15027266899911270,414896236947658,4.14896e+14,1,1.02842
15230821674001080,420360005443719,4.2036e+14,1,1.02841
15437133738976106,425895784908293,4.25896e+14,1,1.0284
15646240444257956,431504524307556,4.31505e+14,1,1.02839
15858179645191602,437187188435267,4.37187e+14,1,1.02838
16072989709899486,442944749605987,4.42945e+14,1,1.02836
16290709526226416,448778198701927,4.48778e+14,1,1.02835
16511378508780744,454688536626028,4.54689e+14,1,1.02834
16735036606068148,460676773146672,4.60677e+14,1,1.02833
16961724307725388,466743939819043,4.66744e+14,1,1.02832
17191482651849366,472891076766373,4.72891e+14,1,1.02831
17424353232426104,479119239057781,4.79119e+14,1,1.0283
17660378206861640,485429495419550,4.8543e+14,1,1.02829
17899600303612948,491822929451758,4.91823e+14,1,1.02828
18142062829923792,498300636675135,4.98301e+14,1,1.02827
18387809679664500,504863730576827,5.04864e+14,1,1.02826
18636885341278828,511513335749367,5.11513e+14,1,1.02825
18889334905836824,518250595341601,5.18251e+14,1,1.02823
19145204075199024,525076665012327,5.25077e+14,1,1.02822
19404539170288968,531992716021083,5.31993e+14,1,1.02821
19667387139479288,538999934442160,5.39e+14,1,1.0282
19933795567091440,546099524849884,5.461e+14,1,1.02819
20203812682008940,553292705670654,5.53293e+14,1,1.02818
20477487366409696,560580711490226,5.60581e+14,1,1.02817
20754869164614032,567964790656045,5.67965e+14,1,1.02816
21036008292055200,575446211484537,5.75446e+14,1,1.02815
21320955644368876,583026260533760,5.83026e+14,1,1.02814
21609762806607492,590706238625490,5.90706e+14,1,1.02813
21902482062579404,598487462385115,5.98487e+14,1,1.02812
22199166404312768,606371269004030,6.06371e+14,1,1.02811
22499869541650312,614359011022366,6.14359e+14,1,1.0281
22804645911971188,622452060242027,6.22452e+14,1,1.02809
23113550690047608,630651806684530,6.30652e+14,1,1.02807
23426639798031104,638959655994023,6.3896e+14,1,1.02806
23743969915578748,647377036425260,6.47377e+14,1,1.02805
24065598490112776,655905391351869,6.55905e+14,1,1.02804
24391583747220100,664546186828387,6.64546e+14,1,1.02803
24721984701194464,673300906737461,6.73301e+14,1,1.02802
25056861165718632,682171049231642,6.82171e+14,1,1.02801
25396273764693480,691158144567644,6.91158e+14,1,1.028
25740283943212536,700263731876351,7.00264e+14,1,1.02799
26088953978686460,709489375180549,7.09489e+14,1,1.02798
26442346992115872,718836658027568,7.18837e+14,1,1.02797
26800526959520076,728307184986967,7.28307e+14,1,1.02796
27163558723517368,737902585615811,7.37903e+14,1,1.02795
27531508005064376,747624502991426,7.47625e+14,1,1.02794
27904441415354424,757474609488087,7.57475e+14,1,1.02793
28282426467874844,767454597430807,7.67455e+14,1,1.02792
28665531590630992,777566178274465,7.77566e+14,1,1.02791
29053826138532184,787811089038892,7.87811e+14,1,1.0279
29447380405949132,798191088849099,7.98191e+14,1,1.02788
29846265639437932,808707960682870,8.08708e+14,1,1.02787
30250554050638800,819363512085733,8.19364e+14,1,1.02786
30660318829349540,830159569719498,8.3016e+14,1,1.02785
31075634156773636,841097990521085,8.41098e+14,1,1.02784
31496575218951548,852180653853954,8.52181e+14,1,1.02783
31923218220369876,863409461957945,8.63409e+14,1,1.02782
32355640397758996,874786342517312,8.74786e+14,1,1.02781
32793920034073688,886313249850848,8.86313e+14,1,1.0278
33238136472665756,897992164851128,8.97992e+14,1,1.02779
33688370131648660,909825093832967,9.09825e+14,1,1.02778
34144702518454004,921814070794601,9.21814e+14,1,1.02777
34607216244589308,933961150410305,9.33961e+14,1,1.02776
35075995040591536,946268421410020,9.46268e+14,1,1.02775
35551123771185964,958737997954816,9.58738e+14,1,1.02774
36032688450650424,971372020545309,9.71372e+14,1,1.02773
36520776258384736,984172665325951,9.84173e+14,1,1.02772
37015475554695488,997142124030665,9.97142e+14,1,1.02771
37516875896789816,1010282630654490,1.01028e+15,1,1.0277
38025068054991000,1023596439036573,1.0236e+15,1,1.02769
38540144029167272,1037085835988976,1.03709e+15,1,1.02768
39062197065390872,1050753139533849,1.05075e+15,1,1.02767
39591321672816600,1064600698862515,1.0646e+15,1,1.02766
40127613640790488,1078630893062955,1.07863e+15,1,1.02765
40671170056193112,1092846133395449,1.09285e+15,1,1.02764
41222089321013344,1107248860579389,1.10725e+15,1,1.02763
41780471170163728,1121841548785321,1.12184e+15,1,1.02761
42346416689535152,1136626707473571,1.13663e+15,1,1.0276
42920028334298192,1151606875807726,1.15161e+15,1,1.02759
43501409947448520,1166784627890479,1.16678e+15,1,1.02758
44090666778608768,1182162569832727,1.18216e+15,1,1.02757
44687905503079440,1197743348782129,1.19774e+15,1,1.02756
45293234241153544,1213529636004114,1.21353e+15,1,1.02755
45906762577687536,1229524150536485,1.22952e+15,1,1.02754
46528601581940872,1245729636472004,1.24573e+15,1,1.02753
47158863827684480,1262148879018557,1.26215e+15,1,1.02752
47797663413577720,1278784699861897,1.27878e+15,1,1.02751
48445115983827144,1295639959364649,1.29564e+15,1,1.0275
49101338749119264,1312717551500048,1.31272e+15,1,1.02749
49766450507840808,1330020415378330,1.33002e+15,1,1.02748
50440571667586432,1347551522526341,1.34755e+15,1,1.02747
51123824266953704,1365313884568721,1.36531e+15,1,1.02746
51816331997639472,1383310555837956,1.38331e+15,1,1.02745
52518220226828896,1401544627882910,1.40154e+15,1,1.02744
53229616019894944,1420019237734705,1.42002e+15,1,1.02743
53950648163396328,1438737553610985,1.43874e+15,1,1.02742
54681447188397808,1457702801426422,1.4577e+15,1,1.02741
55422145394097736,1476918237668393,1.47692e+15,1,1.0274
56172876871777672,1496387164151550,1.49639e+15,1,1.02739
56933777529080624,1516112926844875,1.51611e+15,1,1.02738
57704985114611688,1536098917437624,1.5361e+15,1,1.02737
58486639242877024,1556348570445957,1.55635e+15,1,1.02736
59278881419557800,1576865371145449,1.57687e+15,1,1.02735
60081855067129464,1597652841526014,1.59765e+15,1,1.02734
60895705550822608,1618714554256093,1.61871e+15,1,1.02733
61720580204942872,1640054134342418,1.64005e+15,1,1.02732
62556628359539472,1661675249077176,1.66168e+15,1,1.02731
63404001367442952,1683581611763951,1.68358e+15,1,1.0273
64262852631661600,1705776993968140,1.70578e+15,1,1.02729
65133337633154040,1728265206096701,1.72827e+15,1,1.02728
66015613958978152,1751050116636137,1.75105e+15,1,1.02727
66909841330815872,1774135644414154,1.77414e+15,1,1.02726
67816181633892520,1797525757223572,1.79753e+15,1,1.02725
68734798946279640,1821224475463095,1.82122e+15,1,1.02724
69665859568600288,1845235874579665,1.84524e+15,1,1.02723
70609532054136736,1869564084896883,1.86956e+15,1,1.02722
71565987239340304,1894213286934794,1.89421e+15,1,1.02721
72535398274763120,1919187720779396,1.91919e+15,1,1.0272
73517940656399536,1944491679514041,1.94449e+15,1,1.02719
74513792257462064,1970129511723952,1.97013e+15,1,1.02718
75523133360575296,1996105630875443,1.99611e+15,1,1.02717
76546146690420912,2022424497496470,2.02242e+15,1,1.02716
77583017446812816,2049090645100485,2.04909e+15,1,1.02715
78633933338223200,2076108653466928,2.07611e+15,1,1.02714
79699084615768528,2103483171849101,2.10348e+15,1,1.02713
80778664107646928,2131218904798477,2.13122e+15,1,1.02712
81872867254049136,2159320624719725,2.15932e+15,1,1.02711
82981892142538416,2187793161599895,2.18779e+15,1,1.0271
84105939543913792,2216641417479034,2.21664e+15,1,1.02709
85245212948551536,2245870343603260,2.24587e+15,1,1.02708
86399918603249296,2275484978115237,2.27548e+15,1,1.02707
87570265548558128,2305490408584859,2.30549e+15,1,1.02706
88756465656631440,2335891796640918,2.33589e+15,1,1.02705
89958733669576112,2366694367263473,2.36669e+15,1,1.02704
91177287238330048,2397903424163407,2.3979e+15,1,1.02703
92412346962066608,2429524337223074,2.42952e+15,1,1.02702
93664136428125280,2461562535495129,2.46156e+15,1,1.02701
94932882252494480,2494023537205318,2.49402e+15,1,1.027
96218814120831440,2526912922738114,2.52691e+15,1,1.02699
97522164830045168,2560236353421669,2.56024e+15,1,1.02698
98843170330442992,2593999551248664,2.594e+15,1,1.02697
100182069768439952,2628208338271255,2.62821e+15,1,1.02696
101539105529858736,2662868587249107,2.66287e+15,1,1.02695
102914523283803136,2697986264785853,2.69799e+15,1,1.02694
104308572027139072,2733567414388826,2.73357e+15,1,1.02693
105721504129565504,2769618157505837,2.76962e+15,1,1.02692
107153575379304368,2806144692161037,2.80614e+15,1,1.02691
108605045029409440,2843153306793142,2.84315e+15,1,1.0269
110076175844693760,2880650362489254,2.88065e+15,1,1.02689
111567234149305952,2918642311986342,2.91864e+15,1,1.02688
113078489874937664,2957135688833890,2.95714e+15,1,1.02687
114610216609693792,2996137123114570,2.99614e+15,1,1.02686
116162691647619264,3035653319081364,3.03565e+15,1,1.02686
117736196038902480,3075691079073115,3.07569e+15,1,1.02685
119331014640748112,3116257289144690,3.11626e+15,1,1.02684
120947436168953536,3157358934404473,3.15736e+15,1,1.02683
122585753250168304,3199003081090277,3.199e+15,1,1.02682
124246262474877312,3241196892568243,3.2412e+15,1,1.02681
125929264451086720,3283947638832123,3.28395e+15,1,1.0268
127635063858746960,3327262664836192,3.32726e+15,1,1.02679
129363969504913344,3371149429396988,3.37115e+15,1,1.02678
131116294379643088,3415615482644357,3.41562e+15,1,1.02677
132892355712665584,3460668479383184,3.46067e+15,1,1.02676
134692475030804128,3506316169715331,3.50632e+15,1,1.02675
136516978216186272,3552566409079157,3.55257e+15,1,1.02674
138366195565242832,3599427155780263,3.59943e+15,1,1.02673
140240461848494800,3646906475830575,3.64691e+15,1,1.02672
142140116371167152,3695012541263876,3.69501e+15,1,1.02671
144065503034605280,3743753629553909,3.74375e+15,1,1.0267
146016970398542016,3793138128272629,3.79314e+15,1,1.02669
147994871744190528,3843174538750730,3.84317e+15,1,1.02668
149999565138203424,3893871474217014,3.89387e+15,1,1.02667
152031413497498656,3945237655068936,3.94524e+15,1,1.02666
154090784654951232,3997281922261888,3.99728e+15,1,1.02665
156178051425992960,4050013238032003,4.05001e+15,1,1.02664
158293591676096064,4103440672182412,4.10344e+15,1,1.02663
160437788389184512,4157573424113369,4.15757e+15,1,1.02662
162611029736964256,4212420812493106,4.21242e+15,1,1.02661
164813709149200832,4267992275000991,4.26799e+15,1,1.0266
167046225384934080,4324297380896905,4.3243e+15,1,1.0266
169308982604677504,4381345817213461,4.38135e+15,1,1.02659
171602390443574208,4439147405095668,4.43915e+15,1,1.02658
173926864085565568,4497712103710936,4.49771e+15,1,1.02657
176282824338543808,4557049981941771,4.55705e+15,1,1.02656
178670697710536384,4617171265063911,4.61717e+15,1,1.02655
181090916486922912,4678086290031658,4.67809e+15,1,1.02654
183543918808682912,4739805549760227,4.73981e+15,1,1.02653
186030148751726016,4802339672631391,4.80234e+15,1,1.02652
188550056407274112,4865699417507409,4.8657e+15,1,1.02651
191104097963347552,4929895707170854,4.9299e+15,1,1.0265
193692735787355040,4994939575260510,4.99494e+15,1,1.02649
196316438509786944,5060842232065585,5.06084e+15,1,1.02648
198975681109065696,5127615016264448,5.12762e+15,1,1.02647
201670944997520096,5195269428182134,5.19527e+15,1,1.02646
204402718108550080,5263817115242761,5.26382e+15,1,1.02645
207171494984947648,5333269878438842,5.33327e+15,1,1.02644
209977776868430560,5403639680050744,5.40364e+15,1,1.02643
212822071790389120,5474938634927395,5.47494e+15,1,1.02642
215704894663845056,5547179015376085,5.54718e+15,1,1.02642
218626767376681760,5620373263066578,5.62037e+15,1,1.02641
221588218886111520,5694533984011824,5.69453e+15,1,1.0264
224589785314441344,5769673944476499,5.76967e+15,1,1.02639
227632010046125696,5845806089723262,5.84581e+15,1,1.02638
230715443826144736,5922943524287415,5.92294e+15,1,1.02637
233840644859694592,6001099528269616,6.0011e+15,1,1.02636
237008178913256352,6080287563480484,6.08029e+15,1,1.02635
240218619417003584,6160521271793818,6.16052e+15,1,1.02634
243472547568627936,6241814464294174,6.24181e+15,1,1.02633
246770552438541792,6324181142588216,6.32418e+15,1,1.02632
250113231076525568,6407635491209727,6.40764e+15,1,1.02631
253501188619820096,6492191881212317,6.49219e+15,1,1.0263
256935038402662400,6577864881156760,6.57786e+15,1,1.02629
260415402067336480,6664669242681753,6.66467e+15,1,1.02628
263942909676696672,6752619906695882,6.75262e+15,1,1.02628
267518199828236544,6841732038804474,6.84173e+15,1,1.02627
271141919769703136,6932020978950490,6.93202e+15,1,1.02626
274814725516255168,7023502276586507,7.0235e+15,1,1.02625
278537281969241632,7116191683608077,7.11619e+15,1,1.02624
282310263036553248,7210105173565833,7.21011e+15,1,1.02623
286134351754640736,7305258920751736,7.30526e+15,1,1.02622
290010240412151296,7401669312467971,7.40167e+15,1,1.02621
293938630675262912,7499352958709373,7.49935e+15,1,1.0262
297920233714716736,7598326686653592,7.59833e+15,1,1.02619
301955770334546368,7698607534412802,7.69861e+15,1,1.02618
306045971102586624,7800212794297845,7.80021e+15,1,1.02617
310191576482714048,7903159955634388,7.90316e+15,1,1.02616
314393336968905536,8007466755605410,8.00747e+15,1,1.02615
318652013221097856,8113151166732029,8.11315e+15,1,1.02615
322968376202903040,8220231388399664,8.22023e+15,1,1.02614
327343207321160640,8328725876023265,8.32873e+15,1,1.02613
331777298567419584,8438653318166473,8.43865e+15,1,1.02612
336271452661293760,8550032651194329,8.55003e+15,1,1.02611
340826483195803392,8662883066892359,8.66288e+15,1,1.0261
345443214784643136,8777224001958900,8.77722e+15,1,1.02609
350122483211473152,8893075158834431,8.89308e+15,1,1.02608
354865135581232768,9010456495442766,9.01046e+15,1,1.02607
359672030473474944,9129388243318800,9.12939e+15,1,1.02606
364544038097820992,9249890887109290,9.24989e+15,1,1.02605
369482040451477696,9371985190729878,9.37199e+15,1,1.02604
374486931478916608,9495692192771851,9.49569e+15,1,1.02604
379559617233717952,9621033206555224,9.62103e+15,1,1.02603
384701016042574720,9748029833313111,9.74803e+15,1,1.02602
389912058671565952,9876703953550259,9.8767e+15,1,1.02601
395193688494631296,10007077745932458,1.00071e+16,1,1.026
400546861664379008,10139173664260874,1.01392e+16,1,1.02599
405972547285159232,10273014480450391,1.0273e+16,1,1.02598
411471727588513792,10408623248472424,1.04086e+16,1,1.02597
417045398111003712,10546023347579719,1.0546e+16,1,1.02596
422694567874410880,10685238446519982,1.06852e+16,1,1.02595
428420259568432320,10826292551162013,1.08263e+16,1,1.02594
434223509735797376,10969209958160411,1.09692e+16,1,1.02594
440105368959930560,11114015287085416,1.1114e+16,1,1.02593
446066902055135296,11260733513431016,1.12607e+16,1,1.02592
452109188259375872,11409389910952426,1.14094e+16,1,1.02591
458233321429629952,11560010109646546,1.156e+16,1,1.0259
464440410239943296,11712620058901953,1.17126e+16,1,1.02589
470731578382110784,11867246065190468,1.18672e+16,1,1.02588
477107964769113536,12023914776411919,1.20239e+16,1,1.02587
483570723741312192,12182653205108858,1.21827e+16,1,1.02586
490121025275394176,12343488702440644,1.23435e+16,1,1.02585
496760055196210176,12506448987255898,1.25064e+16,1,1.02585
503489015391416448,12671562152164231,1.26716e+16,1,1.02584
510309124029089344,12838856663875921,1.28389e+16,1,1.02583
517221615778225920,13008361348102647,1.30084e+16,1,1.02582
524227742032272832,13180105432674592,1.31801e+16,1,1.02581
531328771135683520,13354118508372554,1.33541e+16,1,1.0258
538525988613501312,13530430586781763,1.35304e+16,1,1.02579
545820697404117056,13709072040994697,1.37091e+16,1,1.02578
553214218095110144,13890073692665684,1.38901e+16,1,1.02577
560707889162354304,14073466723407821,1.40735e+16,1,1.02576
568303067212295680,14259282759731246,1.42593e+16,1,1.02576
576001127227557440,14447553820005072,1.44476e+16,1,1.02575
583803462815872128,14638312372818740,1.46383e+16,1,1.02574
591711486462338560,14831591318348550,1.48316e+16,1,1.02573
599726629785167104,15027423945281833,1.50274e+16,1,1.02572
607850343794817408,15225844038262403,1.52258e+16,1,1.02571
616084099156698752,15426885802313625,1.54269e+16,1,1.0257
624429386457400704,15630583894759872,1.56306e+16,1,1.02569
632887716474559360,15836973441507776,1.5837e+16,1,1.02568
641460620450323328,16046090024351817,1.60461e+16,1,1.02568
650149650368601216,16257969692565712,1.6258e+16,1,1.02567
658956379235986304,16472648989300527,1.64726e+16,1,1.02566
667882401366539520,16690164924019921,1.66902e+16,1,1.02565
676929332670429952,16910555001729137,1.69106e+16,1,1.02564
686098810946431360,17133857232388440,1.71339e+16,1,1.02563
695392496178461952,17360110106315947,1.73601e+16,1,1.02562
704812070836053504,17589352640528885,1.75894e+16,1,1.02561
714359240178979840,17821624368512184,1.78216e+16,1,1.0256
724035732565926016,18056965347947113,1.8057e+16,1,1.0256
733843299767396736,18295416152771000,1.82954e+16,1,1.02559
743783717282863488,18537017904871703,1.8537e+16,1,1.02558
753858784662148096,18781812271955684,1.87818e+16,1,1.02557
764070325831249792,19029841451182521,1.90298e+16,1,1.02556
774420189422488064,19281148241373262,1.92811e+16,1,1.02555
784910249109217408,19535775968743344,1.95358e+16,1,1.02554
795542403944981120,19793768549197266,1.97938e+16,1,1.02553
806318578707321984,20055170468213862,2.00552e+16,1,1.02552
817240724246252544,20320026821376531,2.032e+16,1,1.02552
828310817837377792,20588383284644720,2.05884e+16,1,1.02551
839530863539901952,20860286122988553,2.08603e+16,1,1.0255
850902892559383680,21135782261173859,2.11358e+16,1,1.02549
862428963615479296,21414919192065857,2.14149e+16,1,1.02548
874111163314626560,21697745064294273,2.16977e+16,1,1.02547
885951606527819264,21984308668655939,2.19843e+16,1,1.02546
897952436773419520,22274659435798342,2.22747e+16,1,1.02545
910115826605264896,22568847441409162,2.25688e+16,1,1.02545
922443978005922432,22866923418534745,2.28669e+16,1,1.02544
934939122785342976,23168938797642464,2.31689e+16,1,1.02543
947603522984917376,23474945663321587,2.34749e+16,1,1.02542
960439471286928512,23784996809669720,2.3785e+16,1,1.02541
973449291429665280,24099145709579837,2.40991e+16,1,1.0254
986635338628035072,24417446562796891,2.44174e+16,1,1.02539
1000000000000000000,24739954287740860,2.474e+16,1,1.02539
